TRAITIDKEY,SPECIESID,GENUS,EPITHET,HMF CODE,F_Group,GENERAL FORM,FAMILY,ORIGIN,Height(m),Defenses,N-fixation,Mycorrhizae,Life_History,PI,LeafArea,WetMass,DryMass,NumberofLeaves,AvgLeafArea,AvgWetMass,AvgDryMass,WaterContent,SLA (cm^2/g),Start_FLR,Start_FLR1,End_FLR,End_FLR1,FlowerDuration,FLR_color,Pollination,Fruit,Dispersal,Vegetative,Seed Mass (mg),Seed Mass1 (mg),Seed Mass 2 (mg),Seed Mass 3 (mg),SeedSourceType,Raunkiaer,Grime,Leaf_N,Leaf_C,Leaf_P,Leaf_C:N,Leaf_K,Leaf_Ca,Leaf_Mg,delta_N,delta_C,1C_DNA_content
355,,Euphorbia,corolata,,,,,,0,FALSE,FALSE,No Info,,0,12.03,0.19,0.0641,11,1.093636339,0.017272727,0.005827272,74.77%,187.68,0,0,0,0,0,,,,,FALSE,0,0,0,0,,,,2.84,44.08,0.39,15.52,0.01,0.00,0.00,-2.87,-27.89,
357,,Artemisia,vulgaris,,,,Asteraceae,,2,FALSE,FALSE,No Info,,0,99.43,1.73,0.6008,7,14.20428576,0.24714286,0.085828568,74.22%,165.50,0,0,0,0,0,,,,,FALSE,0,0,0,0,,,,1.66,45.30,0.24,27.32,0.02,0.01,0.00,-0.75,-28.93,
112,5,Abutilon,theophrasti,Herb,Forb,Annual,Malvaceae,E,1.5,FALSE,FALSE,endomycorrhizal,Annual,,,,,1,,,,,,July,7,October,10,4,Yellow,Biotic,Dry,Abiotic,FALSE,9.0765,9.583,8.57,0,Diaspore,Therophyte,,4.16,39.82,0.40,9.58,0.02,0.01,0.00,0.23,-28.57,1.40
113,9,Acalypha,gracilens,Herb,Forb,Annual,Euphorbiaceae,N,0.5,FALSE,FALSE,No Info,Annual,0,0,0,0,1,0,0,0,0.00%,0.00,July,7,October,10,4,Green,Abiotic,Dry,Abiotic,FALSE,0,,,,,Therophyte,,,,,,,,,,,
99,10,Acalypha,rhomboidea,Herb,Forb,Annual,Euphorbiaceae,N,0.6,FALSE,FALSE,No Info,Annual,0,19.82,0.14,0.04,10,1.981999969,0.014,0.004,77.78%,495.50,July,7,October,10,4,Green,Abiotic,Dry,Abiotic,FALSE,0.865,0.865,0,0,Seed,Therophyte,,3.66,39.62,0.40,10.82,0.02,0.02,0.01,-2.69,-33.54,
114,11,Acalypha,virginica,Herb,Forb,Annual,Euphorbiaceae,N,0.6,FALSE,FALSE,No Info,Annual,0,0,0,0,1,0,0,0,0.00%,0.00,July,7,October,10,4,Green,Abiotic,Dry,Abiotic,FALSE,0.6,0.6,0,0,Diaspore,Therophyte,,,,,,,,,,,
21,15,Acer,negundo,Tree,Tree,Tree,Aceraceae,N,20,FALSE,FALSE,endomycorrhizal,Perennial,0,1081.25,19.27,5.23,10,108.125,1.927000046,0.523000002,78.65%,206.74,April,4,May,5,2,Green,Abiotic,Dry,Abiotic,FALSE,39.1,39.1,0,0,Seed,Phanerophyte,,2.26,46.51,0.18,20.57,0.01,0.01,0.00,-2.04,-28.66,0.54
115,16,Acer,saccharinum,Tree,Tree,Tree,Aceraceae,N,30,FALSE,FALSE,No Info,Perennial,0,466.11,8.47,3.53,7,66.58714076,1.210000038,0.50428571,70.58%,132.04,April,4,May,5,2,Green,Abiotic,Dry,Abiotic,FALSE,254.83,254.83,0,0,,Phanerophyte,,,,,,,,,,,1.20
149,17,Acer,platanoides,Tree,Tree,Tree,Aceraceae,E,15,FALSE,FALSE,endomycorrhizal,Perennial,0,629.11,8.3,3.13,5,125.8219971,1.660000038,0.626000023,72.62%,200.99,April,4,May,5,2,Green,Abiotic,Dry,Abiotic,FALSE,158.6,158.6,0,0,,Phanerophyte,,2.30,45.82,0.19,19.92,0.01,0.01,0.00,-2.99,-29.03,0.71
150,18,Acer,saccharum,Tree,Tree,Tree,Aceraceae,N,40,FALSE,FALSE,endomycorrhizal,Perennial,0,1051.26,11.83,4.99,11,95.5690918,1.075454539,0.453636343,70.33%,210.67,April,4,May,5,2,Green,Abiotic,Dry,Abiotic,FALSE,58.5,58.5,,,Seed,Phanerophyte,,,,,,,,,,,0.70
3,20,Acer,rubrum,Tree,Tree,Tree,Aceraceae,N,35,FALSE,FALSE,endomycorrhizal,Perennial,0,414.04,6.2,2.3,10,41.40400085,0.619999981,0.229999995,72.94%,180.02,March,3,April,4,2,Red,Abiotic,Dry,Abiotic,FALSE,17.514,17.514,0,0,,Phanerophyte,,1.56,47.93,0.12,30.74,0.01,0.01,0.00,-1.96,-29.25,1.70
71,25,Achillea,millefolium,Herb,Forb,Perennial,Asteraceae,N,1,FALSE,FALSE,endomycorrhizal,Perennial,0,141.31,9.01,2.35,12,11.77583313,0.750833352,0.195833325,79.31%,60.13,June,6,November,11,6,White,Biotic,Dry,Abiotic,TRUE,0.082,0.05,0.114,0,Seed,Chamaephyte,CSR to CR,1.58,43.31,0.32,27.45,0.02,0.00,0.00,-2.02,-30.15,7.65
166,26,Actaea,alba,,,,Rannunculaceae,,0.8,FALSE,FALSE,No Info,,0,0,0,0,,0,0,0,0.00%,0.00,May,0,July,0,0,White,Biotic,,Biotic,FALSE,0,0,0,0,,,,,,,,,,,,,10.70
15,30,Elytrigia,repens,Herb,Graminoid,Perennial,Poaceae,E,1,FALSE,FALSE,none,Perennial,0,43.41,0.79,0.31,10,4.340999985,0.079000002,0.031,71.82%,140.03,June,6,August,8,3,Green,Abiotic,Dry,Abiotic,TRUE,2.02,2.02,0,0,Diaspore,Geophyte,,1.91,40.07,0.39,20.98,0.03,0.00,0.00,1.08,-30.87,17.46
130,32,Agrostis,gigantea,Herb,Graminoid,Perennial,Poaceae,E,1.5,FALSE,FALSE,endomycorrhizal,Perennial,0,322.3,3.85,1.13,12,26.85833232,0.320833325,0.094166666,77.31%,285.22,June,6,August,8,3,Green,Abiotic,Dry,Abiotic,TRUE,0.09,0.09,0,0,Diaspore,Hemicryptophyte,,,,,,,,,,,0.70
90,35,Agrostis,stolonifera,Herb,Graminoid,Perennial,Poaceae,E,0.5,FALSE,FALSE,endomycorrhizal,Perennial,0,8.32,0.18,0.04,10,0.831999969,0.018000001,0.004,81.82%,208.00,June,6,September,9,4,Green,Abiotic,Dry,Abiotic,TRUE,0.02,0.02,0,0,Diaspore,Hemicryptophyte,CR,2.42,42.16,0.25,17.41,0.02,0.00,0.00,2.72,-29.70,3.50
168,36,Agrostis,perennans,,,,Poaceae,,1,FALSE,FALSE,No Info,,0,0,0,0,,0,0,0,0.00%,0.00,July,0,October,0,0,Green,Abiotic,,Abiotic,FALSE,0,0,0,0,,,,,,,,,,,,,2.46
116,37,Agrostis,capillaris,Herb,Graminoid,Perennial,Poaceae,E,0.6,FALSE,FALSE,endomycorrhizal,Perennial,0,0,0,0,1,0,0,0,0.00%,0.00,June,6,August,8,3,Green,Abiotic,Dry,Abiotic,TRUE,0.058,0.058,0,0,Seed,Hemicryptophyte,,,,,,,,,,,3.53
175,38,Agrostis,septentrionalis,,,,Poaceae,,0.8,FALSE,FALSE,No Info,,0,0,0,0,,0,0,0,0.00%,0.00,June,0,September,0,0,Green,Abiotic,,Abiotic,FALSE,0,0,0,0,,,,,,,,,,,,,
111,40,Agrostis,hyemalis,Herb,Graminoid,Perennial,Poaceae,N,0.9,FALSE,FALSE,No Info,Perennial,0,30.99,0.42,0.16,10,3.098999977,0.041999999,0.016,72.41%,193.69,May,5,June,6,2,Green,Abiotic,Dry,Abiotic,FALSE,0.042,0.042,0,0,Diaspore,Hemicryptophyte,,,,,,,,,,,
55,45,Ailanthus,altissima,Tree,Tree,Tree,Simaroubaceae,E,25,FALSE,FALSE,endomycorrhizal,Perennial,0,2922.1,54.85,16.63,10,292.2100098,5.484999847,1.662999916,76.73%,175.71,June,6,July,7,2,Green,Biotic,Dry,Abiotic,FALSE,26.07,26.07,0,0,Seed,Phanerophyte,,3.84,42.15,0.41,10.97,0.02,0.01,0.00,-1.29,-30.79,
169,49,Allium,canadense,,,,Liliaceae,,0.6,FALSE,FALSE,No Info,,0,0,0,0,,0,0,0,0.00%,0.00,May,0,June,0,0,White,Biotic,,Abiotic,FALSE,0,0,0,0,,,,,,,,,,,,,
109,50,Allium,vineale,Herb,Forb,Perennial,Liliaceae,E,1,FALSE,FALSE,endomycorrhizal,Perennial,0,0,0,0,1,0,0,0,0.00%,0.00,June,6,June,6,1,Red/pink,Biotic,Dry,Abiotic,FALSE,5,5,0,0,Seed,Cryptophyte,,,,,,,,,,,
170,52,Amelanchier,canadensis,,,,Rosaceae,,8,FALSE,FALSE,No Info,,0,0,0,0,,0,0,0,0.00%,0.00,April,0,May,0,0,White,Biotic,,Biotic,FALSE,0,0,0,0,,,,,,,,,,,,,1.15
151,53,Alliaria,petiolata,Herb,Forb,Biennial,Brassicaceae,E,1,FALSE,FALSE,none,Biennial,0,533.27,10.6,1.7,10,53.32700195,1.060000038,0.170000005,86.18%,313.69,May,5,June,6,2,White,Biotic,Dry,Abiotic,FALSE,1.72,1.72,,,Seed,Hemicryptophyte,CR,3.16,41.01,0.41,13.00,0.03,0.00,0.00,-3.16,-31.98,1.95
171,55,Amaranthus,albus,,,,Amaranthaceae,,1,FALSE,FALSE,No Info,,0,0,0,0,,0,0,0,0.00%,0.00,July,0,October,0,0,Green,Abiotic,,Abiotic,FALSE,0,0,0,0,,,,,,,,,,,,,
172,56,Amaranthus,retroflexus,,,,,,3,FALSE,FALSE,No Info,,0,0,0,0,,0,0,0,0.00%,0.00,July,0,August,0,0,Green,Abiotic,,Abiotic,FALSE,0,0,0,0,,,,,,,,,,,,,0.85
18,60,Ambrosia,artemisiifolia,Herb,Forb,Annual,Asteraceae,N,1,FALSE,FALSE,endomycorrhizal,Annual,0,627.33,11.7,2.837,14,44.80928693,0.835714272,0.20264285,80.48%,221.12,August,8,October,10,3,Green,Abiotic,Dry,Abiotic,FALSE,4.02,4.02,,,Seed,Therophyte,,2.90,41.72,0.35,14.40,0.02,0.02,0.01,-0.77,-29.45,1.16
173,61,Ambrosia,trifida,,,,,,2,FALSE,FALSE,No Info,,0,0,0,0,,0,0,0,0.00%,0.00,August,0,October,0,0,Green,Abiotic,,Abiotic,FALSE,0,0,0,0,,,,,,,,,,,,,1.91
174,65,Anagallis,arvensis,,,,Primulaceae,,0.3,FALSE,FALSE,No Info,,0,0,0,0,,0,0,0,0.00%,0.00,June,0,October,0,0,Yellow/orange,Biotic,,Abiotic,FALSE,0,0,0,0,,,,,,,,,,,,,1.75
176,70,Anaphalis,margaritacea,,,,Asteraceae,,0.9,FALSE,FALSE,No Info,,0,0,0,0,,0,0,0,0.00%,0.00,July,0,October,0,0,White,Biotic,,Abiotic,FALSE,0,0,0,0,,,,,,,,,,,,,
74,75,Schizachyrium,scoparium,Herb,Graminoid,Perennial,Poaceae,N,1.2,FALSE,FALSE,endomycorrhizal,Perennial,0,69.79,2.06,0.73,13,5.368461609,0.158461534,0.056153848,73.84%,95.60,August,8,October,10,3,Green,Abiotic,Dry,Abiotic,TRUE,1.8,1.8,,,Seed,Phanerophyte,,1.17,43.72,0.16,37.49,0.01,0.00,0.00,-3.30,-13.14,
177,76,Andropogon,virginicus,,,,Poaceae,,1.5,FALSE,FALSE,No Info,,0,0,0,0,,0,0,0,0.00%,0.00,August,0,October,0,0,Green,Abiotic,,Abiotic,FALSE,0,0,0,0,,,,,,,,,,,,,
178,80,Antennaria,neglecta,,,,Asteraceae,,0.4,FALSE,FALSE,No Info,,0,0,0,0,,0,0,0,0.00%,0.00,April,0,June,0,0,White,Biotic,,Abiotic,FALSE,0,0,0,0,,,,,,,,,,,,,
179,85,Anthemis,arvensis,,,,Asteraceae,,0,FALSE,FALSE,No Info,,0,0,0,0,,0,0,0,0.00%,0.00,May,0,August,0,0,White,Biotic,,Abiotic,FALSE,0,0,0,0,,,,,,,,,,,,,
180,86,Anthemis,cotula,,,,Asteraceae,,0.9,FALSE,FALSE,No Info,,0,0,0,0,,0,0,0,0.00%,0.00,July,0,October,0,0,White,Biotic,,Abiotic,FALSE,0,0,0,0,,,,,,,,,,,,,
48,89,Anthoxanthum,odoratum,Herb,Graminoid,Perennial,Poaceae,E,0.7,FALSE,FALSE,endomycorrhizal,Perennial,0,44.13,1.05,0.26,11,4.011818279,0.095454541,0.023636363,80.15%,169.73,April,4,July,7,4,Green,Abiotic,Dry,Abiotic,TRUE,0.45,0.45,0,0,Seed,Hemicryptophyte,SR to CSR,,,,,,,,,,5.90
181,90,Apios,americana,,,,Fabaceae,,0,FALSE,FALSE,No Info,,0,0,0,0,,0,0,0,0.00%,0.00,July,0,August,0,0,Purple/blue,Biotic,,Abiotic,FALSE,0,0,0,0,,,,,,,,,,,,,2.50
182,94,Apocynum,androsaemifolium,,,,Apocynaceae,,0.8,FALSE,FALSE,No Info,,0,0,0,0,,0,0,0,0.00%,0.00,May,0,August,0,0,Red/pink,Biotic,,Abiotic,FALSE,0,0,0,0,,,,,,,,,,,,,0.30
44,95,Apocynum,cannabinum,Herb,Forb,Perennial,Apocynaceae,N,1.5,FALSE,FALSE,none,Perennial,0,293.54,5.55,1.88,10,29.35400085,0.555000019,0.188,74.70%,156.14,June,6,August,8,3,White/Green,Biotic,Dry,Abiotic,FALSE,0.808,0.808,,,Seed,Hemicryptophyte,,2.26,45.44,0.28,20.10,0.01,0.01,0.00,-2.81,-27.67,0.30
183,97,Arctium,minus,,,,Asteraceae,,1.5,FALSE,FALSE,No Info,,0,0,0,0,,0,0,0,0.00%,0.00,July,0,September,0,0,Purple/blue,Biotic,,Biotic,FALSE,0,0,0,0,,,,,,,,,,,,,2.18
184,100,Arenaria,serpyllifolia,,,,Caryophyllaceae,,0,FALSE,FALSE,No Info,,0,0,0,0,,0,0,0,0.00%,0.00,May,0,August,0,0,Red/pink,Biotic,,Abiotic,FALSE,0,0,0,0,,,,,,,,,,,,,0.80
185,105,Arisaema,triphyllum,,,,Araceae,,0.6,FALSE,FALSE,No Info,,0,0,0,0,,0,0,0,0.00%,0.00,April,0,June,0,0,Yellow,Biotic,,Biotic,FALSE,0,0,0,0,,,,,,,,,,,,,9.20
186,106,Arrhenatherum,elastius,,,,Poaceae,,2,FALSE,FALSE,No Info,,0,0,0,0,,0,0,0,0.00%,0.00,May,0,June,0,0,,Abiotic,Dry,Abiotic,FALSE,0,0,0,0,,,,,,,,,,,,,7.98
187,108,Asclepias,viridiflora,,,,Asclepiadaceae,,0.8,FALSE,FALSE,No Info,,0,0,0,0,,0,0,0,0.00%,0.00,July,0,August,0,0,Green,Biotic,,Abiotic,FALSE,0,0,0,0,,,,,,,,,,,,,
188,109,Asclepias,incarnata,,,,Asclepiadaceae,,1.5,FALSE,FALSE,No Info,,0,0,0,0,,0,0,0,0.00%,0.00,June,0,August,0,0,Red/pink,Biotic,,Abiotic,FALSE,0,0,0,0,,,,,,,,,,,,,0.40
37,110,Asclepias,syriaca,Herb,Forb,Perennial,Asclepiadaceae,N,2,FALSE,FALSE,none,Perennial,0,1003.19,35.07,7.02,11,91.19909113,3.18818179,0.638181816,83.32%,142.90,May,5,August,8,4,Green,Biotic,Dry,Abiotic,TRUE,5.845,4.78,6.91,0,Seed,Geophyte,,2.73,42.00,0.25,15.40,0.01,0.01,0.01,-0.12,-28.35,0.42
189,110,Asclepias,syriaca,,,,Asclepiadaceae,,2,FALSE,FALSE,No Info,,0,0,0,0,,0,0,0,0.00%,0.00,May,0,August,0,0,Green,Biotic,,Abiotic,FALSE,0,0,0,0,,,,,,,,,,,,,0.42
52,113,Asplenium,platyneuron,Herb,Forb,Perennial,Aspleniaceae,N,0.5,FALSE,FALSE,No Info,Perennial,0,214.76,3.88,1.07,10,21.47599945,0.388000011,0.107000005,78.38%,200.71,N/A,,N/A,,,N/A,N/A,N/A,Abiotic,FALSE,0,,,,,Hemicryptophyte,,3.98,43.53,0.39,10.93,0.02,0.00,0.00,-1.27,-30.88,
190,115,Asparagus,officinalis,,,,Liliaceae,,2,FALSE,FALSE,No Info,,0,0,0,0,,0,0,0,0.00%,0.00,May,0,June,0,0,White,Biotic,,Biotic,FALSE,0,0,0,0,,,,,,,,,,,,,1.35
76,120,Aster,ericoides,Herb,Forb,Perennial,Asteraceae,N,1,FALSE,FALSE,endomycorrhizal,Perennial,0,16.41,0.29,0.08,10,1.640999985,0.028999999,0.008,78.38%,205.13,August,8,November,11,4,Yellow,Biotic,Dry,Abiotic,TRUE,0.122,0.122,0,0,Seed,Geophyte,,2.13,43.20,0.42,20.33,0.03,0.00,0.00,-2.52,-30.72,
191,122,Aster,novae-angliae,,,,Asteraceae,,2,FALSE,FALSE,No Info,,0,0,0,0,,0,0,0,0.00%,0.00,August,0,November,0,0,Purple/blue,Biotic,,Abiotic,FALSE,0,0,0,0,,,,,,,,,,,,,
5,125,Aster,pilosus,Herb,Forb,Biennial,Asteraceae,N,1.5,FALSE,FALSE,endomycorrhizal,Perennial,0,48.41,0.95,0.22,10,4.840999985,0.094999999,0.022,81.20%,220.05,August,8,November,11,4,Yellow/Purple,Biotic,Dry,Abiotic,FALSE,0.139,0.139,0,0,Seed,Hemicryptophyte,,2.13,42.95,0.37,20.21,0.02,0.00,0.00,-2.24,-31.01,
192,130,Aster,lanceolatus,,,,Asteraceae,,1.5,FALSE,FALSE,No Info,,0,136.07,2.03,0.4848,11,12.37000067,0.184545452,0.044072728,80.72%,280.67,August,0,November,0,0,White,Biotic,,Abiotic,FALSE,0,0,0,0,,,,2.59,40.82,0.41,15.78,0.03,0.00,0.00,-0.34,-32.04,2.71
96,137,Aster,lateriflorus,Herb,Forb,Biennial,Asteraceae,N,1.2,FALSE,FALSE,endomycorrhizal,Perennial,0,0,0,0,1,0,0,0,0.00%,0.00,August,8,September,9,2,White,Biotic,Dry,Abiotic,TRUE,0,,,,,Hemicryptophyte,,,,,,,,,,,
77,138,Athyrium,felix-femina,Herb,Forb,Perennial,Aspleniaceae,N,1,FALSE,FALSE,endomycorrhizal,Perennial,0,3571.91,64.97,15.22,10,357.1909912,6.497000122,1.522000027,76.57%,234.69,N/A,,N/A,,,N/A,N/A,N/A,Abiotic,TRUE,0,0,0,0,,Hemicryptophyte,SC to C,,,,,,,,,,7.20
152,140,Barbarea,vulgaris,Herb,Forb,Biennial,Brassicaceae,E,0.8,FALSE,FALSE,none,Perennial,0,78.9,2.79,0.52,8,9.862500191,0.348749995,0.064999998,84.29%,151.73,April,4,June,6,3,Yellow,Biotic,Dry,Abiotic,FALSE,0.813,0.813,,,Seed,Hemicryptophyte,,2.18,40.37,0.25,18.56,0.02,0.01,0.00,0.46,-27.74,
33,150,Berberis,thunbergii,shrub/vine,Shrub/vine,Shrub,Berberidaceae,E,2,TRUE,FALSE,No Info,Perennial,0,37.26,0.54,0.16,10,3.725999832,0.054000002,0.016,77.14%,232.87,May,5,May,5,1,Yellow,Biotic,Fleshy,Biotic,FALSE,15.64,15.64,0,0,,Phanerophyte,,,,,,,,,,,0.70
193,152,Betula,alleghaniensis,,,,Betulaceae,,30,FALSE,FALSE,No Info,,0,0,0,0,,0,0,0,0.00%,0.00,April,0,May,0,0,Yellow,Abiotic,,Abiotic,FALSE,0,0,0,0,,,,,,,,,,,,,1.30
194,155,Bidens,vulgata,,,,Asteraceae,,1.2,FALSE,FALSE,No Info,,0,0,0,0,,0,0,0,0.00%,0.00,August,0,October,0,0,Yellow,Biotic,,Biotic,FALSE,0,0,0,0,,,,,,,,,,,,,0.75
195,157,Botrychium,virginianum,,,,Ophioglossaceae,,0.5,FALSE,FALSE,No Info,,0,0,0,0,,0,0,0,0.00%,0.00,0,0,0,0,0,N/A,N/A,,Abiotic,FALSE,0,0,0,0,,,,,,,,,,,,,10.22
196,158,Sinapis,arvensis,,,,Brassicaceae,,0.8,FALSE,FALSE,No Info,,0,0,0,0,,0,0,0,0.00%,0.00,May,0,July,0,0,Yellow,Biotic,,Abiotic,FALSE,0,0,0,0,,,,,,,,,,,,,0.38
197,166,Bromus,inermis,,,,Poaceae,,1,FALSE,FALSE,No Info,,0,0,0,0,,0,0,0,0.00%,0.00,June,0,July,0,0,Green,Abiotic,,Abiotic,FALSE,0,0,0,0,,,,,,,,,,,,,12.27
49,167,Bromus,racemosus,Herb,Graminoid,Annual,Poaceae,E,1,FALSE,FALSE,No Info,Annual,0,139.27,2.74,0.97,10,13.92700043,0.274000001,0.097000003,73.85%,143.58,May,5,July,7,3,Green,Abiotic,Dry,Abiotic,FALSE,3.98,3.98,,,Seed,Therophyte,,1.98,43.03,0.19,21.72,0.02,0.00,0.00,-1.95,-30.50,13.48
198,168,Bromus,tectorum,,,,Poaceae,,0.7,FALSE,FALSE,No Info,,0,0,0,0,,0,0,0,0.00%,0.00,May,0,June,0,0,Green,Abiotic,,Abiotic,FALSE,0,0,0,0,,,,,,,,,,,,,3.25
360,175,Capsella,bursa-pastoris,,,,,,0,FALSE,FALSE,No Info,,,0,0,0,,0,0,0,0.00%,0.00,0,0,0,0,0,,,,,FALSE,0,0,0,0,,,,,,,,,,,,,0.40
199,177,Carex,pensylvanica,,,,Cyperacea,,0.45,FALSE,FALSE,No Info,,0,0,0,0,,0,0,0,0.00%,0.00,April,0,May,0,0,Green,Abiotic,,Abiotic,FALSE,0,0,0,0,,,,,,,,,,,,,0.60
133,178,Carya,tomentosa,Tree,Tree,Tree,Juglandaceae,N,30,FALSE,FALSE,ectomycorrhizal,Perennial,0,1135.93,20.25,9.14,2,567.9650269,10.125,4.570000172,68.90%,124.28,April,4,May,5,2,Green,Abiotic,Dry,Biotic,FALSE,,,0,0,0,Phanerophyte,,,,,,,,,,,
200,179,Carex,swanii,,,,Cyperacea,,0.6,FALSE,FALSE,No Info,,0,0,0,0,,0,0,0,0.00%,0.00,May,0,June,0,0,Green,Abiotic,,Abiotic,FALSE,0,0,0,0,,,,,,,,,,,,,
356,180,Carex,sp.,,,,,,0.5,FALSE,FALSE,No Info,Perennial,0,45.49,0.47,0.1849,8,5.68625021,0.05875,0.0231125,71.77%,246.02,0,0,0,0,0,,,,,FALSE,0,0,0,0,,,,1.81,43.04,0.21,23.84,0.01,0.00,0.00,1.82,-26.71,
201,181,Carex,vupinoidea,,,,Cyperacea,,1,FALSE,FALSE,No Info,,0,0,0,0,,0,0,0,0.00%,0.00,May,0,June,0,0,Green,Abiotic,,Abiotic,FALSE,0,0,0,0,,,,,,,,,,,,,
202,182,Carex,festucacea,,,,Cyperacea,,1,FALSE,FALSE,No Info,,0,0,0,0,,0,0,0,0.00%,0.00,0,0,0,0,0,Green,Abiotic,,Abiotic,FALSE,0,0,0,0,,,,,,,,,,,,,
203,183,Carex,scoparia,,,,Cyperacea,,1,FALSE,FALSE,No Info,,0,0,0,0,,0,0,0,0.00%,0.00,May,0,July,0,0,Green,Abiotic,,Abiotic,FALSE,0,0,0,0,,,,,,,,,,,,,0.35
144,184,Carya,glabra,Tree,Tree,Tree,Juglandaceae,N,30,FALSE,FALSE,ectomycorrhizal,Perennial,0,213.74,3.01,1.2,2,106.8700027,1.504999995,0.600000024,71.50%,178.12,April,4,May,5,2,Green,Abiotic,Dry,Biotic,FALSE,6118.9,6118.9,0,0,Seed,Phanerophyte,,,,,,,,,,,0.40
47,185,Carya,sp.,Tree,Tree,Tree,Juglandaceae,N,30,FALSE,FALSE,ectomycorrhizal,Perennial,0,6112.21,77.53,35.38,10,611.2209961,7.752999878,3.538000107,54.37%,172.76,April,4,May,5,2,Green,Abiotic,Dry,Biotic,FALSE,0,,,,,Phanerophyte,,2.29,42.97,0.16,18.80,0.01,0.01,0.00,-1.36,-29.65,
106,186,Carya,ovalis,Tree,Tree,Tree,Juglandaceae,N,30,FALSE,FALSE,ectomycorrhizal,Perennial,0,0,0,0,1,0,0,0,0.00%,0.00,April,4,May,5,2,Green,Abiotic,Dry,Biotic,FALSE,0,,,,,Phanerophyte,,,,,,,,,,,
204,187,Chamaecrista,nictitans,,,,Caesalpiniaceae,,0.5,FALSE,FALSE,No Info,,0,0,0,0,,0,0,0,0.00%,0.00,July,0,September,0,0,Yellow/orange,Biotic,,Abiotic,FALSE,0,0,0,0,,,,,,,,,,,,,
129,188,Carya,ovata,Tree,Tree,Tree,Juglandaceae,N,30,FALSE,FALSE,ectomycorrhizal,Perennial,0,4192.52,8.46,27.41,9,465.8355577,0.940000004,3.045555539,23.59%,152.96,April,4,May,5,2,Green,Abiotic,Dry,Biotic,FALSE,4536,4536,0,0,,Phanerophyte,,,,,,,,,,,0.70
205,189,Celtis,occidentalis,,,,Ulmaceae,,35,FALSE,FALSE,No Info,,0,0,0,0,,0,0,0,0.00%,0.00,April,0,May,0,0,Green,Abiotic,,Biotic,FALSE,0,0,0,0,,,,,,,,,,,,,0.60
61,190,Centaurea,dubia,Herb,Forb,Perennial,Asteraceae,N,0.8,FALSE,FALSE,No Info,Perennial,0,73.54,1.91,0.43,15,4.902666728,0.127333331,0.028666667,81.62%,171.02,July,7,October,10,4,Purple/blue,Biotic,Dry,Abiotic,FALSE,2.611,2.611,0,0,Seed,Hemicryptophyte,,2.19,42.84,0.25,19.58,0.03,0.01,0.00,-0.50,-30.50,1.41
45,193,Celastrus,orbiculatus,shrub/vine,Shrub/vine,Liana,Celastraceae,E,5,FALSE,FALSE,No Info,Perennial,0,366.39,6.3,1.38,11,33.30818315,0.57272729,0.125454545,82.03%,265.50,May,5,June,6,2,,Biotic,Dry,Biotic,TRUE,1022,1022,0,0,,Phanerophyte,,2.50,43.06,0.21,17.26,0.01,0.02,0.00,-1.28,-31.02,0.40
206,194,Clematis,virginiana,,,,Ranunculaceae,,3,FALSE,FALSE,No Info,,0,0,0,0,,0,0,0,0.00%,0.00,July,0,September,0,0,White,Biotic,,Abiotic,FALSE,0,0,0,0,,,,,,,,,,,,,
93,195,Cerastium,vulgatum,Herb,Forb,Perennial,Caryophyllaceae,E,0.5,FALSE,FALSE,none,Perennial,0,8.29,0.28,0.03,10,0.828999996,0.028,0.003,90.32%,276.33,April,4,October,10,7,White,Biotic,Dry,Abiotic,FALSE,0.078,0.078,0,0,Seed,Hemicryptophyte,,,,,,,,,,,
207,196,Cerastium,nutans,,,,Caryophyllaceae,,0.4,FALSE,FALSE,No Info,,0,0,0,0,,0,0,0,0.00%,0.00,April,0,July,0,0,White,Biotic,,Abiotic,FALSE,0,0,0,0,,,,,,,,,,,,,
147,198,Celastrus,scandens,shrub/vine,Shrub/vine,Liana,Celastraceae,N,5,FALSE,FALSE,No Info,Perennial,0,0,0,0,1,0,0,0,0.00%,0.00,May,5,June,7,3,Green,Biotic,Dry,Biotic,FALSE,15.7,15.7,0,0,Seed,Phanerophyte,,,,,,,,,,,4.40
154,200,Chenopodium,album,Herb,Forb,Annual,Chenopodiaceae,E,1,FALSE,FALSE,none,Annual,0,276.14,11.48,1.02,17,16.24353027,0.675294091,0.059999999,91.84%,270.73,June,6,October,10,5,Green,Abiotic,Dry,Abiotic,FALSE,0.77,0.77,,,Seed,Therophyte,R to CR,4.96,36.65,0.32,7.40,0.06,0.01,0.01,0.12,-27.79,0.77
30,205,Chrysanthemum,leucanthemum,Herb,Forb,Perennial,Asteraceae,E,0.8,FALSE,FALSE,endomycorrhizal,Perennial,0,27.86,1.78,0.14,12,2.321666718,0.148333331,0.011666667,92.71%,199.00,June,6,September,9,4,Yellow,Biotic,Dry,Abiotic,TRUE,0.29,0.29,,,Seed,Hemicryptophyte,CSR to CR,1.73,42.55,0.23,24.60,0.03,0.01,0.00,-2.24,-29.81,
208,207,Cichorium,intybus,,,,Asteraceae,,1.7,FALSE,FALSE,No Info,,0,0,0,0,,0,0,0,0.00%,0.00,June,0,October,0,0,Purple/blue,Biotic,,Abiotic,FALSE,0,0,0,0,,,,,,,,,,,,,
32,208,Circaea,lutetiana,Herb,Forb,Perennial,Onagraceae,N,0.7,FALSE,FALSE,endomycorrhizal,Perennial,0,188.9,2.02,0.32,11,17.17272672,0.183636362,0.029090908,86.32%,590.31,June,6,August,8,3,White,Biotic,Dry,Biotic,TRUE,3.147,3.147,,,Seed,Geophyte,CR,2.52,40.38,0.40,16.00,0.03,0.01,0.00,-3.31,-31.83,
101,210,Cirsium,arvense,Herb,Forb,Perennial,Asteraceae,E,1.5,TRUE,FALSE,endomycorrhizal,Perennial,0,274.06,11.15,1.84,16,17.12874985,0.696874976,0.115000002,85.84%,148.95,July,6,August,9,4,Purple/blue,Biotic,Dry,Abiotic,TRUE,1.121,1.121,0,0,,Geophyte,,3.55,39.31,0.32,11.07,0.03,0.02,0.00,0.32,-30.69,1.42
46,212,Cirsium,discolor,Herb,Forb,Perennial,Asteraceae,N,2,TRUE,FALSE,endomycorrhizal,Perennial,0,150.6,5.25,1.13,10,15.06000061,0.525,0.113,78.48%,133.27,July,8,October,10,3,Purple/blue,Biotic,Dry,Abiotic,FALSE,0,,,,,Hemicryptophyte,,2.04,42.69,0.17,20.89,0.02,0.01,0.00,-1.24,-27.44,1.10
138,215,Cirsium,vulgare,Herb,Forb,Perennial,Asteraceae,E,1.5,TRUE,FALSE,endomycorrhizal,Biennial,0,156.37,15.26,3.53,10,15.63699951,1.526000023,0.352999997,81.21%,44.30,June,7,October,10,4,Purple/blue,Biotic,Dry,Abiotic,FALSE,2.78,2.78,0,0,,Hemicryptophyte,,,,,,,,,,,2.77
209,216,Collinsonia,canadensis,,,,Lamiacea,,1.2,FALSE,FALSE,No Info,,0,0,0,0,,0,0,0,0.00%,0.00,May,0,July,0,0,Yellow,Biotic,,Abiotic,FALSE,0,0,0,0,,,,,,,,,,,,,
210,218,Commelina,communis,,,,Eriocaulaceae,,0.8,FALSE,FALSE,No Info,,0,0,0,0,,0,0,0,0.00%,0.00,July,0,September,0,0,Purple/blue,Biotic,,Abiotic,FALSE,0,0,0,0,,,,,,,,,,,,,0.60
211,225,Claytonia,virginica,,,,Portulaceae,,0,FALSE,FALSE,No Info,,0,0,0,0,,0,0,0,0.00%,0.00,March,0,May,0,0,White,Biotic,,Biotic,FALSE,0,0,0,0,,,,,,,,,,,,,
14,230,Calystegia,sepium,Herb,Forb,Perennial,Convolvulaceae,N,3,FALSE,FALSE,endomycorrhizal,Perennial,0,283.14,3.73,0.44,10,28.31400146,0.373000002,0.044,89.45%,643.50,June,6,September,9,4,White/Pink,Biotic,Dry,Abiotic,TRUE,21.055,21.055,0,0,,Hemicryptophyte,C to CR,2.09,44.46,0.24,21.23,0.02,0.00,0.00,-2.12,-28.03,0.80
100,235,Cornus,amomum,shrub/vine,Shrub/vine,Shrub,Cornaceae,N,3,FALSE,FALSE,ectomycorrhizal,Perennial,0,251.31,4.28,1.5722,10,25.13099976,0.428000021,0.157219994,73.13%,159.85,May,6,July,7,2,White,Biotic,Fleshy,Biotic,FALSE,57.24,57.24,0,0,Diaspore,Phanerophyte,,1.80,47.39,0.19,26.29,0.01,0.01,0.00,-0.79,-27.85,1.20
6,240,Cornus,florida,Tree,Tree,Tree,Cornaceae,N,10,FALSE,FALSE,ectomycorrhizal,Perennial,0,629.03,10.22,3.71,10,62.90300293,1.022000027,0.371000004,73.37%,169.55,May,5,June,5,1,White,Biotic,Fleshy,Biotic,FALSE,67,67,,,,Phanerophyte,,1.43,42.95,0.13,30.09,0.01,0.02,0.00,-1.89,-27.90,1.70
212,241,Cornus,racemosa,,,,Cornaceae,,5,FALSE,FALSE,No Info,,0,70.34,1.21,0.4532,4,17.58499908,0.30250001,0.113300003,72.75%,155.21,June,0,July,0,0,White,Biotic,,Biotic,FALSE,0,0,0,0,,,,1.84,45.85,0.18,24.87,0.01,0.01,0.00,-0.43,-27.67,
213,243,Dioscorea,villosa,,,,Dioscoreaceae,,5,FALSE,FALSE,No Info,,0,0,0,0,,0,0,0,0.00%,0.00,June,0,July,0,0,White,Biotic,,Abiotic,FALSE,0,0,0,0,,,,,,,,,,,,,
214,246,Crotalaria,sagittalis,,,,Fabaceae,,0.4,FALSE,FALSE,No Info,,0,0,0,0,,0,0,0,0.00%,0.00,June,0,September,0,0,Yellow,Biotic,Dry,Abiotic,FALSE,0,0,0,0,,,,,,,,,,,,,
215,251,Cyperus,esculentus,,,,Cyperacea,,0.7,FALSE,FALSE,No Info,,0,0,0,0,,0,0,0,0.00%,0.00,July,0,September,0,0,Yellow,,,Abiotic,FALSE,0,0,0,0,,,,,,,,,,,,,0.60
216,252,Cyperus,strigosus,,,,Cyperacea,,0.6,FALSE,FALSE,No Info,,0,0,0,0,,0,0,0,0.00%,0.00,July,0,September,0,0,Green,Abiotic,,Abiotic,FALSE,0,0,0,0,,,,,,,,,,,,,
119,255,Conyza,canadensis,Herb,Forb,Annual,Asteraceae,N,1.5,FALSE,FALSE,endomycorrhizal,Annual,,20.89,0.48,0.12,10,2.088999939,0.047999999,0.012,80.00%,174.08,July,7,October,10,4,White,Biotic,Dry,Abiotic,FALSE,0.06,0.06,0,0,Diaspore,Therophyte,,2.14,42.52,0.26,19.85,0.03,0.01,0.00,-2.32,-30.63,0.45
217,260,Cuphea,viscosissima,,,,Lythraceae,,0.6,FALSE,FALSE,No Info,,0,0,0,0,,0,0,0,0.00%,0.00,July,0,September,0,0,Red/pink,Biotic,,Abiotic,FALSE,0,0,0,0,,,,,,,,,,,,,
218,261,Cystopteris,fragilis,,,,Aspleniaceae,,0.3,FALSE,FALSE,No Info,,0,0,0,0,,0,0,0,0.00%,0.00,0,0,0,0,0,n/a,,,Abiotic,FALSE,0,0,0,0,,,,,,,,,,,,,8.29
27,265,Danthonia,spicata,Herb,Graminoid,Perennial,Poaceae,N,1,FALSE,FALSE,endomycorrhizal,Perennial,0,4.73,0.42,0.16,12,0.394166668,0.034999999,0.013333333,72.41%,29.56,May,5,September,9,5,Green,Abiotic,Dry,Abiotic,TRUE,0.519,0.519,,,,Chamaephyte,,1.47,41.98,0.28,28.66,0.02,0.00,0.00,-2.42,-28.97,1.90
219,266,Danthonia,sericea,,,,Poaceae,,1.2,FALSE,FALSE,No Info,,0,0,0,0,,0,0,0,0.00%,0.00,May,0,June,0,0,Green,Abiotic,,Abiotic,FALSE,0,0,0,0,,,,,,,,,,,,,
13,270,Dactylis,glomerata,Herb,Graminoid,Perennial,Poaceae,E,1.2,FALSE,FALSE,endomycorrhizal,Perennial,0,191.44,4.97,1.92,10,19.14400024,0.496999979,0.191999996,72.13%,99.71,May,5,July,7,3,Green,Abiotic,Dry,Abiotic,TRUE,0.574,0.574,,,,Hemicryptophyte,CSR TO C,2.46,43.65,0.18,17.77,0.02,0.00,0.00,-0.46,-29.03,4.40
19,275,Daucus,carota,Herb,Forb,Biennial,Apiaceae,E,1,FALSE,FALSE,endomycorrhizal,Perennial,0,119.59,4.54,0.98,13,9.199230488,0.349230766,0.075384617,82.25%,122.03,June,6,September,9,4,White,Biotic,Dry,Abiotic,FALSE,0.88,0.88,0,0,Germinule,Hemicryptophyte,SR to CSR,2.43,40.16,0.34,16.54,0.03,0.01,0.00,-0.75,-30.50,1.00
139,280,Desmodium,glabellum,Herb,Forb,Perennial,Fabaceae,N,1,FALSE,FALSE,No Info,Perennial,0,308.51,3.81,0.85,10,30.85100098,0.380999994,0.085000002,81.76%,362.95,July,6,August,8,3,Red/pink,Biotic,Dry,Biotic,FALSE,0,,,,,Hemicryptophyte,,,,,,,,,,,
220,282,Dryopteris,intermedia,,,,Aspleniaceae,,0,FALSE,FALSE,No Info,,0,0,0,0,,0,0,0,0.00%,0.00,0,0,0,0,0,,N/A,,Abiotic,FALSE,0,0,0,0,,,,,,,,,,,,,7.70
221,283,Draba,verna,,,,Brassicaceae,,0.01,FALSE,FALSE,No Info,,0,0,0,0,,0,0,0,0.00%,0.00,March,0,May,0,0,White,Biotic,,Abiotic,FALSE,0,0,0,0,,,,,,,,,,,,,0.40
87,285,Dianthus,armeria,Herb,Forb,Biennial,Caryophyllaceae,E,0.6,FALSE,FALSE,none,Annual,0,21.72,0.63,0.15,10,2.171999931,0.063,0.015000001,80.77%,144.80,May,5,July,8,4,Red/pink,Biotic,Dry,Abiotic,FALSE,0.24,0.24,0,0,Seed,Therophyte,,1.95,40.00,0.32,20.49,0.03,0.01,0.00,1.86,-29.41,
79,290,Digitaria,sanguinalis,Herb,Graminoid,Annual,Poaceae,E,0.6,FALSE,FALSE,No Info,Annual,0,61.83,1.1,0.22,10,6.183000183,0.110000002,0.022,83.33%,281.05,August,8,October,10,3,Green,Abiotic,Dry,Abiotic,FALSE,0.522,0.522,0,0,Seed,Therophyte,,1.86,40.81,0.36,22.00,0.02,0.00,0.00,2.19,-12.18,1.20
222,295,Eclipta,alba,,,,Asteraceae,,0.5,FALSE,FALSE,No Info,,0,0,0,0,,0,0,0,0.00%,0.00,July,0,October,0,0,White,Biotic,,Abiotic,FALSE,0,0,0,0,,,,,,,,,,,,,
39,296,Elaeagnus,angustifolia,Tree,Tree,Tree,Elaeagnaceae,E,10,TRUE,TRUE,No Info,Perennial,0,151.86,2.3,0.76,12,12.65500005,0.191666663,0.063333333,75.16%,199.82,May,5,June,5,1,Yellow,Biotic,Fleshy,Biotic,FALSE,87.91,87.91,0,0,,Phanerophyte,,2.97,42.93,0.41,14.46,0.02,0.00,0.00,2.42,-34.44,0.58
223,297,Eleocharis,ovata,,,,Cyperaceae,,0.5,FALSE,FALSE,No Info,,0,0,0,0,,0,0,0,0.00%,0.00,July,0,August,0,0,Purple/blue,Abiotic,,Abiotic,FALSE,0,0,0,0,,,,,,,,,,,,,
224,300,Epilobium,glandulosum,,,,Onagraceae,,0,FALSE,FALSE,No Info,,0,0,0,0,,0,0,0,0.00%,0.00,June,0,August,0,0,Purple/blue,Biotic,,Abiotic,FALSE,0,0,0,0,,,,,,,,,,,,,
225,305,Euonymus,americanus,,,,Celastraceae,,2,FALSE,FALSE,No Info,,0,0,0,0,,0,0,0,0.00%,0.00,May,0,June,0,0,,Biotic,,Biotic,FALSE,0,0,0,0,,,,,,,,,,,,,
125,306,Erechtites,hieracifolia,Herb,Forb,Annual,Asteraceae,N,2.5,FALSE,FALSE,No Info,Annual,0,249.8,4.4,0.37,10,24.98000031,0.44000001,0.037,92.24%,675.14,August,8,October,10,3,Yellow/orange,Biotic,Dry,Abiotic,FALSE,0.362,0.362,0,0,Diaspore,Therophyte,,4.08,43.34,0.43,10.62,0.04,0.00,0.00,5.15,-30.37,5.80
226,307,Erigeron,pulchellus,,,,Asteraceae,,0.4,FALSE,FALSE,No Info,,0,0,0,0,,0,0,0,0.00%,0.00,May,0,September,0,0,Purple/blue,Biotic,,Abiotic,FALSE,0,0,0,0,,,,,,,,,,,,,
228,308,Erigeron,strigosus,,,,Asteraceae,,1,FALSE,FALSE,No Info,,0,0,0,0,,0,0,0,0.00%,0.00,May,0,October,0,0,White,Biotic,,Abiotic,FALSE,0,0,0,0,,,,,,,,,,,,,
361,309,Erigeron,philadelphicus,,,,,,0,FALSE,FALSE,No Info,,,0,0,0,,0,0,0,0.00%,0.00,0,0,0,0,0,,,,,FALSE,0,0,0,0,,,,,,,,,,,,,0.90
23,310,Erigeron,annuus,Herb,Forb,Annual,Asteraceae,N,1.5,FALSE,FALSE,No Info,Annual,0,155.15,5.02,1.03,10,15.51499939,0.501999998,0.102999997,82.98%,150.63,May,5,November,11,7,White,Biotic,Dry,Abiotic,FALSE,0.03,0.03,0,0,Seed,Therophyte,,1.64,43.77,0.22,26.73,0.02,0.01,0.00,-2.99,-29.86,2.17
42,311,Microstegium,vimineum,Herb,Graminoid,Annual,Poaceae,E,1,FALSE,FALSE,No Info,Annual,0,66.63,0.45,0.16,12,5.552499771,0.037499999,0.013333333,73.77%,416.44,August,9,September,11,3,Green,Abiotic,Dry,Abiotic,TRUE,1.69,1.69,0,0,Diaspore,Therophyte,,2.10,43.96,0.29,20.95,0.01,0.00,0.00,1.92,-11.89,
230,312,Euonymus,alatus,,,,Celastraceae,,2.5,FALSE,FALSE,No Info,,0,0,0,0,,0,0,0,0.00%,0.00,May,0,June,0,0,,Biotic,,Biotic,FALSE,0,0,0,0,,,,,,,,,,,,,
231,315,Eupatorium,perfoliatum,,,,Asteraceae,,1.5,FALSE,FALSE,No Info,,0,0,0,0,,0,0,0,0.00%,0.00,July,0,October,0,0,White,Biotic,,Abiotic,FALSE,0,0,0,0,,,,,,,,,,,,,2.35
56,316,Eupatorium,rugosum,Herb,Forb,Perennial,Asteraceae,N,1.5,FALSE,FALSE,No Info,Perennial,0,236.58,2.88,0.61,13,18.19846168,0.22153847,0.046923078,82.52%,387.84,July,7,October,10,4,White,Biotic,Dry,Abiotic,TRUE,0.12,0.12,,,Seed,Hemicryptophyte,,3.51,42.75,0.31,12.19,0.03,0.01,0.01,-1.90,-32.38,
232,318,Euphorbia,nutans,,,,Euphorbiaceae,,0.8,FALSE,FALSE,No Info,,0,0,0,0,,0,0,0,0.00%,0.00,June,0,October,0,0,,Biotic,,Abiotic,FALSE,0,0,0,0,,,,,,,,,,,,,
233,319,Euphorbia,maculata,,,,Euphorbiaceae,,0.4,FALSE,FALSE,No Info,,0,0,0,0,,0,0,0,0.00%,0.00,June,0,September,0,0,White,Biotic,,Abiotic,FALSE,0,0,0,0,,,,,,,,,,,,,
234,320,Fagus,grandifolia,,,,Fagaceae,,25,FALSE,FALSE,No Info,,0,362.61,2.77,1.2708,7,51.80142648,0.395714283,0.181542856,68.55%,285.34,April,0,April,0,0,,Abiotic,,Biotic,FALSE,0,0,0,0,,,,2.42,45.67,0.15,18.84,0.01,0.00,0.00,-3.10,-29.85,0.54
2,325,Fragaria,virginiana,Herb,Forb,Perennial,Rosaceae,N,,FALSE,FALSE,No Info,Perennial,0,277.82,7.03,1.85,10,27.78200073,0.703000021,0.185000002,79.17%,150.17,April,4,June,6,3,Yellow,Biotic,Fleshy,Biotic,TRUE,0.489,0.489,,,Seed,Hemicryptophyte,,1.55,43.34,0.32,28.06,0.01,0.01,0.00,-4.16,-27.31,0.40
132,326,Fraxinus,pennsylvanica,Tree,Tree,Tree,Oleaceae,N,25,FALSE,FALSE,ectomycorrhizal,Perennial,0,0,0,0,1,0,0,0,0.00%,0.00,April,4,May,5,2,Green,Abiotic,Dry,Abiotic,FALSE,26.28,26.28,0,0,,Phanerophyte,,,,,,,,,,,1.00
235,328,Galium,circaezans,,,,Rubiaceae,,0.6,FALSE,FALSE,No Info,,0,37.25,0.35,0.0708,13,2.865384615,0.026923076,0.005446154,83.17%,526.13,June,0,July,0,0,,Biotic,,Biotic,FALSE,0,0,0,0,,,,2.26,42.98,0.17,18.99,0.03,0.01,0.00,-3.53,-32.91,
362,329,Galium,triflorum,,,,,,0,FALSE,FALSE,No Info,,,0,0,0,,0,0,0,0.00%,0.00,0,0,0,0,0,,,,,FALSE,0,0,0,0,,,,,,,,,,,,,1.80
53,330,Fraxinus,americana,Tree,Tree,Tree,Oleaceae,N,40,FALSE,FALSE,ectomycorrhizal,Perennial,0,1932.28,35.29,14.92,11,175.6618208,3.208181901,1.356363643,70.28%,129.51,April,4,May,5,2,Green,Abiotic,Dry,Abiotic,FALSE,21.3,21.3,0,0,Seed,Phanerophyte,,1.99,44.39,0.19,22.36,0.01,0.01,0.00,-2.17,-27.56,2.90
236,333,Galinsoga,parviflora,,,,Asteraceae,,0.06,FALSE,FALSE,No Info,,0,0,0,0,,0,0,0,0.00%,0.00,June,0,November,0,0,White,Biotic,,Abiotic,FALSE,0,0,0,0,,,,,,,,,,,,,1.25
36,334,Galium,aparine,Herb,Forb,Annual,Rubiaceae,N,1,FALSE,FALSE,endomycorrhizal,Annual,0,19.15,0.2,0.05,11,1.740909056,0.018181818,0.004545455,80.00%,383.00,April,4,June,6,3,White,Biotic,Dry,Biotic,FALSE,4.073,4.073,,,Seed,Therophyte,CR,,,,,,,,,,1.03
237,335,Geranium,carolinianum,,,,Geraniaceae,,0.6,FALSE,FALSE,No Info,,0,0,0,0,,0,0,0,0.00%,0.00,May,0,August,0,0,B;ue,Biotic,,Abiotic,FALSE,0,0,0,0,,,,,,,,,,,,,
128,337,Geum,canadense,Herb,Forb,Perennial,Rosaceae,N,1,FALSE,FALSE,No Info,Perennial,0,614.96,13.18,3.89,13,47.30461707,1.013846177,0.299230777,77.21%,158.09,May,5,August,8,4,White,Biotic,Dry,Biotic,FALSE,1.154,1.154,0,0,Diaspore,Hemicryptophyte,,2.05,41.90,0.31,20.48,0.02,0.01,0.01,1.14,-31.43,1.80
155,338,Glechoma,hederacea,Herb,Forb,Perennial,Lamiaceae,E,0.2,FALSE,FALSE,endomycorrhizal,Perennial,0,46.45,0.93,0.19,10,4.645000076,0.093000001,0.019,83.04%,244.47,April,4,June,6,3,Purple/blue,Biotic,Dry,Abiotic,TRUE,0.69,0.69,,,Germinule,Hemicryptophyte,CSR,,,,,,,,,,0.90
238,340,Glycine,max,,,,Fabaceae,,1.8,FALSE,FALSE,No Info,,0,0,0,0,,0,0,0,0.00%,0.00,July,0,July,0,0,White,Biotic,,Abiotic,FALSE,0,0,0,0,,,,,,,,,,,,,1.13
239,342,Gnaphalium,obtusifolium,,,,Asteraceae,,1,FALSE,FALSE,No Info,,0,0,0,0,,0,0,0,0.00%,0.00,August,0,November,0,0,Yellow,Biotic,,Abiotic,FALSE,0,0,0,0,,,,,,,,,,,,,
240,343,Hedera,helix,,,,Apiaceae,,30,FALSE,FALSE,No Info,,0,52.67,1.11,0.3309,4,13.16749954,0.277500004,0.082725003,77.04%,159.17,August,0,September,0,0,,Biotic,,Biotic,FALSE,0,0,0,0,,,,1.33,41.80,0.19,31.54,0.01,0.00,0.00,-2.08,-31.88,1.48
84,345,Hedeoma,pulegioides,Herb,Forb,Annual,Lamiaceae,N,0.4,FALSE,FALSE,No Info,Annual,0,8.19,0.1,0.02,10,0.818999958,0.01,0.002,83.33%,409.50,July,7,September,9,3,Purple/blue,Biotic,Dry,Abiotic,FALSE,0.18,0.18,0,0,Diaspore,Therophyte,,1.10,42.07,0.31,38.38,0.03,0.01,0.00,0.41,-32.90,
241,347,Helianthus,tuberosus,,,,Asteraceae,,3,FALSE,FALSE,No Info,,0,0,0,0,,0,0,0,0.00%,0.00,September,0,October,0,0,Yellow,Biotic,,Abiotic,FALSE,0,0,0,0,,,,,,,,,,,,,
242,348,Helianthus,annuus,,,,Asteraceae,,3,FALSE,FALSE,No Info,,0,0,0,0,,0,0,0,0.00%,0.00,July,0,September,0,0,,Biotic,,Abiotic,FALSE,0,0,0,0,,,,,,,,,,,,,2.43
72,350,Hieracium,pilloselloides,Herb,Forb,Perennial,Asteraceae,N,0.1,FALSE,FALSE,endomycorrhizal,Perennial,0,107.09,2.77,0.41,13,8.237692026,0.213076922,0.031538461,87.11%,261.20,June,6,September,9,4,Yellow/orange,Biotic,Dry,Abiotic,TRUE,0,,,,,Hemicryptophyte,,1.98,42.63,0.32,21.58,0.03,0.00,0.00,-2.14,-30.23,1.08
243,351,Gleditsia,triacanthos,,,,Fabaceae,,40,FALSE,FALSE,No Info,,0,0,0,0,,0,0,0,0.00%,0.00,May,0,May,0,0,,Biotic,,Biotic,FALSE,0,0,0,0,,,,,,,,,,,,,
244,354,Hieracium,pilosella,,,,Asteraceae,,0,FALSE,FALSE,No Info,,0,0,0,0,,0,0,0,0.00%,0.00,May,0,September,0,0,Yellow,Biotic,,Abiotic,FALSE,0,0,0,0,,,,,,,,,,,,,3.45
1,355,Hieracium,caespitosum,Herb,Forb,Perennial,Asteraceae,E,1,FALSE,FALSE,endomycorrhizal,Perennial,0,172.23,3.25,0.64,12,14.35249964,0.270833333,0.053333332,83.55%,269.11,May,5,November,11,7,Yellow,Biotic,Dry,Abiotic,TRUE,0.11,0.11,0,0,Seed,Hemicryptophyte,,2.10,41.61,0.36,19.83,0.03,0.00,0.00,-2.93,-29.70,4.11
245,357,Hieracium,venosum,,,,Asteraceae,,0.8,FALSE,FALSE,No Info,,0,0,0,0,,0,0,0,0.00%,0.00,May,0,July,0,0,Yellow,Biotic,,Abiotic,FALSE,0,0,0,0,,,,,,,,,,,,,
246,360,Habenaria,lacera,,,,Orchidaceae,,0.8,FALSE,FALSE,No Info,,0,0,0,0,,0,0,0,0.00%,0.00,June,0,August,0,0,Yellow,Biotic,,Abiotic,FALSE,0,0,0,0,,,,,,,,,,,,,
64,361,Hackelia,virginiana,Herb,Forb,Biennial,Boraginaceae,N,2,FALSE,FALSE,No Info,Biennial,0,316.88,4.47,0.65,12,26.40666707,0.372499983,0.054166665,87.30%,487.51,July,7,August,8,2,White,Biotic,Dry,Biotic,FALSE,2.6,2.6,,,Seed,Hemicryptophyte,,3.01,40.34,0.41,13.38,0.05,0.01,0.00,-0.84,-32.41,0.70
247,365,Hibiscus,trionum,,,,Malvaceae,,0.5,FALSE,FALSE,No Info,,0,0,0,0,,0,0,0,0.00%,0.00,July,0,September,0,0,,Biotic,,Abiotic,FALSE,0,0,0,0,,,,,,,,,,,,,
248,366,Ilex,opaca,,,,Aquifoliaceae,,15,FALSE,FALSE,No Info,,0,0,0,0,,0,0,0,0.00%,0.00,May,0,June,0,0,Red/pink,Biotic,,Biotic,FALSE,0,0,0,0,,,,,,,,,,,,,
249,367,Holcus,lanatus,,,,Poacea,,1,FALSE,FALSE,No Info,,0,0,0,0,,0,0,0,0.00%,0.00,June,0,August,0,0,,Abiotic,,Abiotic,FALSE,0,0,0,0,,,,,,,,,,,,,
250,368,Ilex,glabra,,,,Aquifoliaceae,,3,FALSE,FALSE,No Info,,0,0,0,0,,0,0,0,0.00%,0.00,June,0,July,0,0,White,Biotic,,Biotic,FALSE,0,0,0,0,,,,,,,,,,,,,
31,371,Hypericum,punctatum,Herb,Forb,Perennial,Clusiaceae,N,1,FALSE,FALSE,No Info,Perennial,0,39.93,0.37,0.26,11,3.630000028,0.033636364,0.023636363,73.33%,153.58,June,6,August,8,3,Yellow,Biotic,Dry,Abiotic,FALSE,0,,,,,Geophyte,,,,,,,,,,,
251,372,Hypericum,perforatum,,,,Clusiaceae,,0.8,FALSE,FALSE,No Info,,0,0,0,0,,0,0,0,0.00%,0.00,June,0,September,0,0,Yellow,Biotic,,Abiotic,FALSE,0,0,0,0,,,,,,,,,,,,,0.78
252,373,Hypericum,mutilum,270,,,Clusiaceae,,0.8,FALSE,FALSE,No Info,,0,0,0,0,,0,0,0,0.00%,0.00,July,0,September,0,0,Yellow,Biotic,,Abiotic,FALSE,0,0,0,0,,,,,,,,,,,,,
253,374,Impatiens,capensis,,,,Balsaminaceae,,1.5,FALSE,FALSE,No Info,Annual,0,160.31,1.42,0.2363,10,16.03099976,0.141999996,0.023630001,85.73%,678.42,June,0,September,0,0,Yellow/orange,Biotic,,Abiotic,FALSE,0,0,0,0,,,,4.04,45.27,0.21,11.20,0.01,0.00,0.00,-0.85,-28.51,0.80
254,375,Ipomoea,hederacea,,,,Convolvulaceae,,2,FALSE,FALSE,No Info,,0,0,0,0,,0,0,0,0.00%,0.00,July,0,September,0,0,Purple/blue,Biotic,,Abiotic,FALSE,0,0,0,0,,,,,,,,,,,,,
54,376,Juglans,nigra,Tree,Tree,Tree,Juglandaceae,N,40,FALSE,FALSE,none,Perennial,0,3849.97,69.97,26.18,10,384.9969971,6.997000122,2.618000031,72.77%,147.06,May,5,May,5,1,Green,Abiotic,Dry,Biotic,FALSE,9864.5,9864.5,,,Seed,Phanerophyte,,2.66,47.27,0.17,17.78,0.01,0.01,0.00,-1.94,-29.30,0.90
256,377,Krigia,biflora,,,,Asteraceae,,0.8,FALSE,FALSE,No Info,,0,0,0,0,,0,0,0,0.00%,0.00,May,0,October,0,0,Yellow,Biotic,,Abiotic,FALSE,0,0,0,0,,,,,,,,,,,,,
257,379,Juncus,bufonius,,,,Juncaceae,,0.3,FALSE,FALSE,No Info,,0,0,0,0,,0,0,0,0.00%,0.00,June,0,August,0,0,Green,Abiotic,,Abiotic,FALSE,0,0,0,0,,,,,,,,,,,,,1.30
359,380,Juncus,sp.,,,,,,0.5,FALSE,FALSE,No Info,,0,35.73,1.12,0.3876,6,5.954999924,0.186666667,0.064600001,74.29%,92.18,0,0,0,0,0,,,,,FALSE,0,0,0,0,,,,0.74,42.57,0.13,57.85,0.01,0.00,0.00,0.61,-27.75,0.74
127,381,Juncus,tenuis,Herb,Graminoid,Perennial,Juncaceae,N,0.8,FALSE,FALSE,none,Perennial,0,0,0,0,1,0,0,0,0.00%,0.00,May,,September,,,Green,Abiotic,Dry,Abiotic,TRUE,0.01,0.01,0,0,Seed,Hemicryptophyte,,,,,,,,,,,0.46
258,382,Juncus,marginatus,,,,Juncaceae,,0.5,FALSE,FALSE,No Info,,0,0,0,0,,0,0,0,0.00%,0.00,June,0,August,0,0,Green,Abiotic,,Abiotic,FALSE,0,0,0,0,,,,,,,,,,,,,
259,383,Juncus,secundus,,,,Juncaceae,,0.6,FALSE,FALSE,No Info,,0,0,0,0,,0,0,0,0.00%,0.00,June,0,August,0,0,Green,Abiotic,,Abiotic,FALSE,0,0,0,0,,,,,,,,,,,,,
260,384,Juncus,effusus,,,,Juncaceae,,1,FALSE,FALSE,No Info,,0,0,0,0,,0,0,0,0.00%,0.00,June,0,August,0,0,Green,Abiotic,,Abiotic,FALSE,0,0,0,0,,,,,,,,,,,,,
4,385,Juniperus,virginiana,Tree,Tree,Tree,Cypressaceae,N,20,FALSE,FALSE,endomycorrhizal,Perennial,0,0.72,0.09,0.03,11,0.065454548,0.008181819,0.002727273,66.67%,24.00,N/A,,N/A,,,N/A,Abiotic,Fleshy,Biotic,FALSE,9.9,9.9,,,Seed,Phanerophyte,,1.48,43.45,0.20,29.44,0.02,0.01,0.00,-3.10,-30.48,11.95
123,390,Lactuca,serriola,Herb,Forb,Biennial,Asteraceae,E,1.5,TRUE,FALSE,endomycorrhizal,Annual,0,112,3.12,0.67,5,22.4,0.623999977,0.134000003,82.32%,167.16,July,7,September,9,3,Yellow,Biotic,Dry,Abiotic,FALSE,0.462,0.462,0,0,Diaspore,Therophyte,,3.76,38.20,0.28,10.16,0.04,0.01,0.00,2.54,-33.40,1.85
89,393,Lactuca,canadensis,Herb,Forb,Biennial,Asteraceae,N,2,TRUE,FALSE,No Info,Annual,0,803.28,19.2,2.84,15,53.55200195,1.280000051,0.189333328,87.11%,282.85,July,7,September,9,3,Yellow/orange,Biotic,Dry,Abiotic,FALSE,0,,,,,Hemicryptophyte,,,,,,,,,,,8.98
82,398,Lepidium,campestre,Herb,Forb,Biennial,Brassicaceae,N,0.5,FALSE,FALSE,none,Annual,0,20.38,0.58,0.08,10,2.037999916,0.057999998,0.008,87.88%,254.75,April,4,August,8,5,White,Biotic,Dry,Abiotic,FALSE,2.339,2.339,0,0,Seed,Hemicryptophyte,,,,,,,,,,,
261,399,Lepidium,sativum,,,,Brassicaceae,,0.4,FALSE,FALSE,No Info,,0,0,0,0,,0,0,0,0.00%,0.00,June,0,July,0,0,White,Biotic,,Abiotic,FALSE,0,0,0,0,,,,,,,,,,,,,0.58
262,400,Lepidium,virginicum,,,,Brassicaceae,,0.5,FALSE,FALSE,No Info,,0,0,0,0,,0,0,0,0.00%,0.00,May,0,November,0,0,White,Biotic,,Abiotic,FALSE,0,0,0,0,,,,,,,,,,,,,0.33
156,410,Ligustrum,vulgare,shrub/vine,Shrub/vine,Shrub,Oleaceae,E,5,FALSE,FALSE,endomycorrhizal,Perennial,0,63.7,1.08,0.37,11,5.79090916,0.098181822,0.033636364,74.48%,172.16,June,6,July,7,2,White,Biotic,Dry,Biotic,FALSE,23.5172,23.517,,,Seed,Phanerophyte,,1.90,43.48,0.25,22.91,0.01,0.01,0.00,-2.05,-29.93,1.57
263,414,Linaria,canadensis,,,,Scrophulariaceae,,0.5,FALSE,FALSE,No Info,,0,0,0,0,,0,0,0,0.00%,0.00,April,0,June,0,0,Yellow,Biotic,,Abiotic,FALSE,0,0,0,0,,,,,,,,,,,,,
51,415,Linaria,vulgaris,Herb,Forb,Perennial,Scrophulariaceae,E,0.8,FALSE,FALSE,endomycorrhizal,Perennial,0,9.23,0.12,0.07,10,0.922999954,0.012,0.007,63.16%,131.86,June,6,November,11,6,Yellow,Biotic,Dry,Abiotic,TRUE,0.125,0.125,,,Seed,Hemicryptophyte,CR,2.02,45.14,0.17,22.37,0.01,0.01,0.00,-0.91,-29.96,0.87
66,416,Lindera,benzoin,shrub/vine,Shrub/vine,Shrub,Lauraceae,N,3,FALSE,FALSE,endomycorrhizal,Perennial,0,362.21,4.22,1.12,10,36.22099915,0.421999979,0.112,79.03%,323.40,March,3,April,4,2,Yellow,Biotic,Fleshy,Biotic,FALSE,92.83,92.83,0,0,Seed,Phanerophyte,,2.33,44.94,0.25,19.25,0.01,0.00,0.00,-0.58,-29.35,
120,417,Lonicera,tatarica,shrub/vine,Shrub/vine,Shrub,Caprifoliaceae,E,3,FALSE,FALSE,endomycorrhizal,Perennial,0,130.89,2.48,1.006,7,18.69857134,0.354285717,0.143714292,71.14%,130.11,May,5,May,5,1,White,Biotic,Fleshy,Biotic,FALSE,3.19,3.19,0,0,,Phanerophyte,,1.95,45.10,0.23,23.17,0.01,0.01,0.00,-1.40,-29.68,
264,424,Lobelia,puberula,,,,Campanulaceae,,1.2,FALSE,FALSE,No Info,,0,0,0,0,,0,0,0,0.00%,0.00,August,0,October,0,0,,Biotic,,Abiotic,FALSE,0,0,0,0,,,,,,,,,,,,,
118,425,Lobelia,inflata,Herb,Forb,Annual,Campanulaceae,N,1,FALSE,FALSE,No Info,Annual,0,157.78,2.46,0.53,14,11.26999991,0.175714288,0.037857141,82.27%,297.70,July,7,October,9,3,Purple/blue,Biotic,Dry,Abiotic,FALSE,0.014,0.014,0,0,Seed,Therophyte,,2.42,42.97,0.39,17.79,0.02,0.00,0.00,-0.54,-29.21,1.00
121,430,Lolium,perenne,Herb,Graminoid,Perennial,Poaceae,E,0.8,FALSE,FALSE,endomycorrhizal,Perennial,0,0,0,0,1,0,0,0,0.00%,0.00,May,5,August,8,4,Green,Abiotic,Dry,Abiotic,TRUE,1.51,1.51,0,0,Seed,Hemicryptophyte,CR to CSR,,,,,,,,,,2.76
24,435,Lonicera,japonica,shrub/vine,Shrub/vine,Liana,Caprifoliaceae,E,5.5,FALSE,FALSE,endomycorrhizal,Perennial,0,106.84,2.19,0.65,12,8.903333028,0.182500005,0.054166665,77.11%,164.37,May,5,July,7,3,White,Biotic,Fleshy,Biotic,TRUE,1.1,1.1,,,Seed,Phanerophyte,,1.96,44.30,0.27,22.66,0.02,0.01,0.01,-0.97,-28.98,
60,438,Lonicera,maackii,shrub/vine,Shrub/vine,Shrub,Caprifoliaceae,E,5,FALSE,FALSE,endomycorrhizal,Perennial,0,116.33,1.73,0.69,10,11.63300018,0.173000002,0.069,71.49%,168.59,May,5,June,6,2,White,Biotic,Fleshy,Biotic,FALSE,3.06,3.06,0,0,Seed,Phanerophyte,,1.72,42.02,0.18,24.43,0.01,0.02,0.01,-3.05,-30.24,
81,440,Silene,latifolia,Herb,Forb,Biennial,Caryophyllaceae,E,1,FALSE,FALSE,none,Perennial,0,78.09,2.01,0.3,14,5.577856881,0.143571428,0.021428572,87.01%,260.30,May,5,October,10,6,White,Biotic,Dry,Abiotic,TRUE,0.352,0.352,0,0,Diaspore,Hemicryptophyte,,2.80,37.54,0.44,13.43,0.04,0.02,0.01,1.42,-29.89,2.70
265,446,Lycopus,americanus,,,,Lamiaceae,,0.08,FALSE,FALSE,No Info,,0,0,0,0,,0,0,0,0.00%,0.00,June,0,September,0,0,White,Biotic,,Abiotic,FALSE,0,0,0,0,,,,,,,,,,,,,0.50
266,447,Lysimachia,quadrifolia,,,,Primulaceae,,0.9,FALSE,FALSE,No Info,,0,0,0,0,,0,0,0,0.00%,0.00,May,0,August,0,0,Yellow,Biotic,,Abiotic,FALSE,0,0,0,0,,,,,,,,,,,,,
267,450,Lotus,corniculatus,,,,Fabaceae,,0.6,FALSE,FALSE,No Info,,0,0,0,0,,0,0,0,0.00%,0.00,June,0,August,0,0,Yellow,Biotic,,Abiotic,FALSE,0,0,0,0,,,,,,,,,,,,,0.48
157,454,Medicago,lupulina,Herb,Forb,Biennial,Fabaceae,E,1,FALSE,TRUE,endomycorrhizal,Annual,0,64.65,5.96,0.31,38,1.70131583,0.156842106,0.008157895,95.06%,208.55,May,5,October,10,6,Yellow,Biotic,Dry,Abiotic,FALSE,1.735,1.735,,,Seed,Hemicryptophyte,SR to R,,,,,,,,,,0.88
268,455,Medicago,sativa,,,,Fabaceae,,1,FALSE,FALSE,No Info,,0,0,0,0,,0,0,0,0.00%,0.00,June,0,September,0,0,Yellow,Biotic,,Abiotic,FALSE,0,0,0,0,,,,,,,,,,,,,0.86
269,460,Melilotus,alba,,,,Fabaceae,,3,FALSE,FALSE,No Info,,0,0,0,0,,0,0,0,0.00%,0.00,May,0,November,0,0,White,Biotic,,Abiotic,FALSE,0,0,0,0,,,,,,,,,,,,,1.33
270,465,Melilotus,officinalis,,,,Fabaceae,,1.5,FALSE,FALSE,No Info,,0,0,0,0,,0,0,0,0.00%,0.00,May,0,November,0,0,Yellow,Biotic,,Abiotic,FALSE,0,0,0,0,,,,,,,,,,,,,1.13
271,468,Menispermum,canadense,,,,Menispermaceae,,5,FALSE,FALSE,No Info,,0,0,0,0,,0,0,0,0.00%,0.00,June,0,July,0,0,White,Biotic,Fleshy,Biotic,FALSE,0,0,0,0,,,,,,,,,,,,,1.10
272,469,Mitchella,repens,,,,Rubiaceae,,0.3,FALSE,FALSE,No Info,,0,0,0,0,,0,0,0,0.00%,0.00,May,0,July,0,0,White,Biotic,Fleshy,Biotic,FALSE,0,0,0,0,,,,,,,,,,,,,0.80
85,470,Mollugo,verticillata,Herb,Forb,Annual,Molluginaceae,E,0.45,FALSE,FALSE,none,Annual,0,0,0,0,1,0,0,0,0.00%,0.00,June,6,September,9,4,White,Biotic,Dry,Abiotic,FALSE,0.063,0.063,0,0,Diaspore,Therophyte,,,,,,,,,,,0.80
273,473,Monotropa,uniflora,,,,Monotropaceae,,0.2,FALSE,FALSE,No Info,,0,0,0,0,,0,0,0,0.00%,0.00,June,0,August,0,0,White,Biotic,Dry,Abiotic,FALSE,0,0,0,0,,,,,,,,,,,,,29.90
274,475,Morus,alba,,,,Moraceae,,15,FALSE,FALSE,No Info,,0,0,0,0,,0,0,0,0.00%,0.00,May,0,May,0,0,,Abiotic,,Biotic,FALSE,0,0,0,0,,,,,,,,,,,,,0.85
108,476,Morus,rubra,Tree,Tree,Tree,Moraceae,N,20,FALSE,FALSE,No Info,Perennial,0,199.53,3.19,0.89,3,66.50999959,1.063333352,0.296666662,78.19%,224.19,May,5,May,5,1,Green,Abiotic,Fleshy,Biotic,FALSE,1.26,1.26,0,0,,Phanerophyte,,3.27,39.85,0.25,12.17,0.01,0.02,0.01,1.87,-28.55,
275,478,Nyssa,sylvatica,,,,Cornaceae,,30,FALSE,FALSE,No Info,,0,152.31,2.25,0.8298,6,25.38499959,0.375,0.138300002,73.06%,183.55,May,0,June,0,0,,Biotic,,Biotic,FALSE,0,0,0,0,,,,1.80,44.20,0.24,24.62,0.01,0.00,0.01,-2.08,-29.77,
363,479,Pinus,strobus,,,,,,0,FALSE,FALSE,No Info,,,0,0,0,,0,0,0,0.00%,0.00,0,0,0,0,0,,,,,FALSE,0,0,0,0,,,,,,,,,,,,,25.65
134,485,Muhlenbergia,frondosa,Herb,Graminoid,Perennial,Poaceae,N,1,FALSE,FALSE,No Info,Perennial,0,0,0,0,1,0,0,0,0.00%,0.00,August,8,October,10,3,Green,Abiotic,Dry,Abiotic,FALSE,0.164,0.164,0,0,Diaspore,Hemicryptophyte,,,,,,,,,,,
107,490,Myrica,pensylvanica,shrub/vine,Shrub/vine,Shrub,Myricaceae,N,2,FALSE,TRUE,none,Perennial,0,136.41,1.33,0.57,10,13.64100037,0.133000004,0.056999999,70.00%,239.32,May,5,June,6,2,Green,Abiotic,Fleshy,Biotic,TRUE,8.25,8.25,0,0,,Phanerophyte,,,,,,,,,,,
276,492,Panicum,capillare,,,,Poaceae,,0.7,FALSE,FALSE,No Info,,0,0,0,0,,0,0,0,0.00%,0.00,August,0,October,0,0,Green,Abiotic,,Abiotic,FALSE,0,0,0,0,,,,,,,,,,,,,0.45
277,493,Panicum,dichotomiflorum,,,,Poaceae,,1,FALSE,FALSE,No Info,,0,0,0,0,,0,0,0,0.00%,0.00,June,0,August,0,0,Green,Abiotic,,Abiotic,FALSE,0,0,0,0,,,,,,,,,,,,,1.68
278,494,Oenthera,perennis,,,,Onagraceae,,0.6,FALSE,FALSE,No Info,,0,0,0,0,,0,0,0,0.00%,0.00,June,0,August,0,0,,Biotic,,Abiotic,FALSE,0,0,0,0,,,,,,,,,,,,,
80,495,Oenothera,biennis,Herb,Forb,Biennial,Onagraceae,N,2,FALSE,FALSE,endomycorrhizal,Perennial,0,92.2,2.21,0.49,10,9.219999695,0.221000004,0.049000001,81.85%,188.16,July,7,September,9,3,Yellow,Biotic,Dry,Abiotic,FALSE,0.481,0.481,0,0,Seed,Hemicryptophyte,,1.75,40.62,0.29,23.17,0.01,0.01,0.01,-1.48,-28.72,1.22
140,497,Onoclea,sensibilis,Herb,Forb,Perennial,Onocleaceae,N,1,FALSE,FALSE,No Info,Perennial,0,1114.35,16.87,3.65,9,123.816664,1.874444538,0.405555566,82.21%,305.30,N/A,,N/A,,,N/A,N/A,N/A,N/A,TRUE,0,,,,,Cryptophyte,,,,,,,,,,,15.54
148,500,Oxalis,stricta,Herb,Forb,Perennial,Oxalidaceae,N,0.5,FALSE,FALSE,endomycorrhizal,Perennial,0,11.8,0.25,0.04,13,0.907692322,0.019230769,0.003076923,86.21%,295.00,May,5,September,9,5,Yellow,Biotic,Dry,Abiotic,TRUE,0.252,0.252,,,Diaspore,Hemicryptophyte,,,,,,,,,,,
279,503,Panicum,depauperatum,,,,Poaceae,,0.4,FALSE,FALSE,No Info,,0,0,0,0,,0,0,0,0.00%,0.00,May,0,September,0,0,,Abiotic,,Abiotic,FALSE,0,0,0,0,,,,,,,,,,,,,
35,504,Panicum,leucothrix,Herb,Graminoid,Perennial,Poaceae,N,0.4,FALSE,FALSE,No Info,Perennial,0,33.53,0.39,0.15,10,3.352999878,0.038999999,0.015000001,72.22%,223.53,May,,September,,,Green,Abiotic,Dry,Abiotic,TRUE,0,,,,,Cryptophyte,,,,,,,,,,,
280,506,Panicum,lanuginosum,,,,Poaceae,,0,FALSE,FALSE,No Info,,0,0,0,0,,0,0,0,0.00%,0.00,May,0,September,0,0,,Abiotic,,Abiotic,FALSE,0,0,0,0,,,,,,,,,,,,,
281,507,Panicum,virgatum,,,,Poaceae,,2,FALSE,FALSE,No Info,,0,0,0,0,,0,0,0,0.00%,0.00,June,0,September,0,0,,Abiotic,,Abiotic,FALSE,0,0,0,0,,,,,,,,,,,,,1.88
282,508,Panicum,Lindheimeri,,,,Poaceae,,0,FALSE,FALSE,No Info,,0,0,0,0,,0,0,0,0.00%,0.00,May,0,September,0,0,,Abiotic,,Abiotic,FALSE,0,0,0,0,,,,,,,,,,,,,
283,509,Panicum,boscii,,,,Poaceae,,0.7,FALSE,FALSE,No Info,,0,0,0,0,,0,0,0,0.00%,0.00,May,0,September,0,0,,Abiotic,,Abiotic,FALSE,0,0,0,0,,,,,,,,,,,,,
10,510,Parthenocissus,quinquefolia,shrub/vine,Shrub/vine,Liana,Vitaceae,N,40,FALSE,FALSE,No Info,Perennial,0,650.21,9.1,1.9,10,65.0210022,0.910000038,0.189999998,82.73%,342.22,June,6,June,6,1,White,Biotic,Fleshy,Biotic,FALSE,29.08,29.08,0,0,,Phanerophyte,,2.02,43.92,0.17,21.78,0.01,0.02,0.00,-3.71,-28.56,3.18
284,511,Panicum,clandestinum,,,,Poacese,,1.5,FALSE,FALSE,No Info,,0,0,0,0,,0,0,0,0.00%,0.00,May,0,September,0,0,,Abiotic,,Abiotic,FALSE,0,0,0,0,,,,,,,,,,,,,
285,513,Panicum,linearifolium,,,,Poacese,,1,FALSE,FALSE,No Info,,0,0,0,0,,0,0,0,0.00%,0.00,May,0,September,0,0,,Abiotic,,Abiotic,FALSE,0,0,0,0,,,,,,,,,,,,,
110,515,Penstemon,hirsutus,Herb,Forb,Perennial,Scrophulariaceae,N,0.8,FALSE,FALSE,No Info,Perennial,0,92.07,1.6,0.42,11,8.369999972,0.145454548,0.038181817,79.21%,219.21,May,5,July,8,4,Purple/blue,Biotic,Dry,Abiotic,FALSE,0.1,0.1,0,0,Seed,Hemicryptophyte,,1.62,43.19,0.23,26.71,0.01,0.01,0.00,-2.30,-29.09,
91,516,Phalaris,arundinacea,Herb,Graminoid,Perennial,Poaceae,N,2,FALSE,FALSE,endomycorrhizal,Perennial,0,182.95,2.19,0.54,10,18.29499969,0.219000006,0.054000002,80.22%,338.80,June,6,July,7,2,Green,Abiotic,Dry,Abiotic,TRUE,0.67,0.67,0,0,Diaspore,Helophyte,C,3.06,44.80,0.52,14.62,0.01,0.00,0.00,0.74,-26.95,4.13
78,520,Phleum,pratense,Herb,Graminoid,Perennial,Poaceae,E,1,FALSE,FALSE,endomycorrhizal,Annual,0,118.97,2.3,0.59,10,11.89700012,0.229999995,0.058999997,79.58%,201.64,June,6,September,9,4,Green,Abiotic,Dry,Abiotic,TRUE,0.45,0.45,0,0,Diaspore,Hemicryptophyte,CSR to CR,1.91,43.12,0.20,22.62,0.02,0.00,0.00,1.27,-28.60,4.15
286,521,Phryma,leptostachya,,,,Verbenaceae,,1,FALSE,FALSE,No Info,,0,0,0,0,,0,0,0,0.00%,0.00,May,0,October,0,0,,Biotic,Dry,Biotic,FALSE,0,0,0,0,,,,,,,,,,,,,1.10
135,525,Physalis,heterophylla,Herb,Forb,Perennial,Solanaceae,N,0.9,FALSE,FALSE,No Info,Perennial,0,210.02,5.3,0.98,10,21.00200043,0.530000019,0.098000002,84.39%,214.31,June,6,September,9,4,Yellow,Biotic,Fleshy,Biotic,FALSE,1.004,1.004,0,0,Diaspore,Cryptophyte,,,,,,,,,,,4.00
287,526,Physalis,virginiana,,,,Solanaceae,,0.6,FALSE,FALSE,No Info,,0,0,0,0,,0,0,0,0.00%,0.00,May,0,August,0,0,Yellow,Biotic,Fleshy,Biotic,FALSE,0,0,0,0,,,,,,,,,,,,,
142,527,Physalis,longifolia,Herb,Forb,Perennial,Solanaceae,N,0.8,FALSE,FALSE,No Info,Perennial,0,0,0,0,1,0,0,0,0.00%,0.00,May,5,September,9,5,Yellow,Biotic,Fleshy,Biotic,TRUE,0,,,,,Geophyte,,,,,,,,,,,
43,529,Phytolacca,americana,Herb,Forb,Perennial,Phytolaccaceae,N,3,FALSE,FALSE,No Info,Perennial,0,292.72,4.75,0.75,12,24.39333344,0.395833333,0.0625,86.36%,390.29,June,6,October,10,5,White,Biotic,Fleshy,Biotic,FALSE,7.421,7.421,,,Seed,Phanerophyte,,4.47,39.40,0.32,8.82,0.05,0.01,0.01,1.24,-28.97,1.48
65,530,Pilea,pumila,Herb,Forb,Annual,Urticaceae,N,0.5,FALSE,FALSE,none,Annual,0,120.44,1.21,0.14,15,8.029333496,0.080666669,0.009333333,89.63%,860.29,July,7,October,10,4,Green,Abiotic,Dry,Abiotic,FALSE,3.228,3.228,,,Seed,Therophyte,,2.91,37.06,0.40,12.72,0.01,0.04,0.01,1.42,-33.94,0.40
158,535,Plantago,lanceolata,Herb,Forb,Perennial,Plantaginaceae,E,0.22,FALSE,FALSE,endomycorrhizal,Perennial,0,229.1,9.43,1.44,10,22.91000061,0.943000031,0.144000006,86.75%,159.10,May,5,October,10,6,Green,Abiotic,Dry,Abiotic,TRUE,1.9,1.9,0,0,Seed,Hemicryptophyte,CSR,1.83,40.72,0.34,22.29,0.02,0.01,0.00,-1.38,-30.88,1.20
288,536,Plantago,major,,,,Plantaginaceae,,0.3,FALSE,FALSE,No Info,,0,0,0,0,,0,0,0,0.00%,0.00,June,0,September,0,0,Green,Biotic,,Abiotic,FALSE,0,0,0,0,,,,,,,,,,,,,0.71
17,540,Plantago,rugelii,Herb,Forb,Perennial,Plantaginaceae,N,0.1,FALSE,FALSE,endomycorrhizal,Perennial,0,426.5,14.36,2.6,10,42.65,1.435999966,0.25999999,84.67%,164.04,July,7,August,8,2,Green,Abiotic,Dry,Abiotic,FALSE,0.5,0.5,,,Seed,Hemicryptophyte,,,,,,,,,,,0.50
289,541,Plantago,virginica,,,,Plantaginaceae,,0.2,FALSE,FALSE,No Info,,0,0,0,0,,0,0,0,0.00%,0.00,May,0,July,0,0,,Biotic,,Abiotic,FALSE,0,0,0,0,,,,,,,,,,,,,
290,546,Platanus,occidentalis,,,,Plantanaceae,,50,FALSE,FALSE,No Info,,0,0,0,0,,0,0,0,0.00%,0.00,April,0,April,0,0,,Abiotic,,Abiotic,FALSE,0,0,0,0,,,,,,,,,,,,,
12,550,Poa,compressa,Herb,Graminoid,Perennial,Poaceae,E,0.7,FALSE,FALSE,endomycorrhizal,Perennial,0,14.93,0.32,0.08,11,1.357272755,0.029090908,0.007272727,80.00%,186.63,May,5,September,9,5,Green,Abiotic,Dry,Abiotic,TRUE,0.2,0.2,0,0,Germinule,Hemicryptophyte,,,,,,,,,,,2.90
7,555,Poa,pratensis,Herb,Graminoid,Perennial,Poaceae,E,1,FALSE,FALSE,endomycorrhizal,Perennial,0,,,,,,,,,,April,4,July,7,4,Green,Abiotic,Dry,Abiotic,TRUE,0.14,0.14,0,0,Seed,Hemicryptophyte,CSR,,,,,,,,,,4.24
291,559,Poa,annua,,,,Poaceae,,0.3,FALSE,FALSE,No Info,,0,0,0,0,,0,0,0,0.00%,0.00,April,0,September,0,0,,Abiotic,,Abiotic,FALSE,0,0,0,0,,,,,,,,,,,,,2.88
292,561,Poa,sylvestris,,,,Poaceae,,1,FALSE,FALSE,No Info,,0,0,0,0,,0,0,0,0.00%,0.00,May,0,July,0,0,,Abiotic,,Abiotic,FALSE,0,0,0,0,,,,,,,,,,,,,
293,562,Podophyllum,peltatum,,,,Berberidaceae,,0.4,FALSE,FALSE,No Info,,0,0,0,0,,0,0,0,0.00%,0.00,May,0,May,0,0,,Biotic,Fleshy,Biotic,FALSE,0,0,0,0,,,,,,,,,,,,,26.70
294,563,Polygonatum,pubescens,,,,lilliaceae,,0.9,FALSE,FALSE,No Info,,0,0,0,0,,0,0,0,0.00%,0.00,May,0,July,0,0,,Biotic,,Biotic,FALSE,0,0,0,0,,,,,,,,,,,,,10.90
146,565,Polygonum,aviculare,Herb,Forb,Annual,Polygonaceae,E,0.3,FALSE,FALSE,endomycorrhizal,Annual,0,0,0,0,1,0,0,0,0.00%,0.00,July,7,November,11,5,White,Biotic,Dry,Abiotic,FALSE,1.45,1.45,0,0,Diaspore,Therophyte,R,,,,,,,,,,
68,566,Polygonum,virginianum,Herb,Forb,Perennial,Polygonaceae,N,1,FALSE,FALSE,No Info,Perennial,0,556.09,4.18,0.75,13,42.77615591,0.321538448,0.057692308,84.79%,741.45,July,7,November,11,5,White,Biotic,Dry,Abiotic,TRUE,5.3,5.3,0,0,,Hemicryptophyte,,2.12,43.48,0.22,20.47,0.01,0.01,0.01,1.28,-30.81,
295,571,Polygonum,convolvulus,,,,Polygonaceae,,1,FALSE,FALSE,No Info,,0,0,0,0,,0,0,0,0.00%,0.00,May,0,October,0,0,,Biotic,,Abiotic,FALSE,0,0,0,0,,,,,,,,,,,,,
296,572,Polygonum,hydropiper,,,,Polygonaceae,,1.6,FALSE,FALSE,No Info,,0,0,0,0,,0,0,0,0.00%,0.00,May,0,November,0,0,,Biotic,,Abiotic,FALSE,0,0,0,0,,,,,,,,,,,,,
136,574,Polygonum,scandens,Herb,Forb,Vine,Polygonaceae,N,5,FALSE,FALSE,No Info,Perennial,0,244.35,3.12,0.36,8,30.54375076,0.389999986,0.045000002,89.66%,678.75,July,7,November,11,5,White,Biotic,Dry,Abiotic,FALSE,2.25,2.25,0,0,Seed,Hemicryptophyte,,3.86,37.94,0.31,9.84,0.04,0.01,0.01,-0.02,-32.22,
143,575,Polygonum,pensylvanicum,Herb,Forb,Annual,Polygonaceae,N,2,FALSE,FALSE,No Info,Annual,0,95.75,2.32,0.53,8,11.96875,0.289999992,0.066249996,81.40%,180.66,July,7,November,11,5,Red/pink,Biotic,Dry,Biotic,TRUE,5.26,5.26,0,0,Seed,Chamaephyte,,,,,,,,,,,
69,576,Polygonum,persicaria,Herb,Forb,Annual,Polygonaceae,E,0.8,FALSE,FALSE,none,Annual,0,92.45,1.05,0.19,12,7.704166412,0.087499996,0.015833333,84.68%,486.58,July,7,November,11,5,Pink,Biotic,Dry,Abiotic,FALSE,2.12,2.12,0,0,Diaspore,Chamaephyte,R,2.29,42.39,0.27,18.49,0.01,0.00,0.01,5.80,-30.59,
145,577,Portulaca,oleracea,Herb,Forb,Annual,Portulacaceae,E,0.25,FALSE,FALSE,endomycorrhizal,Annual,,28.47,1.42,0.0913,10,2.846999931,0.141999996,0.00913,93.96%,311.83,June,6,October,10,,Yellow,Biotic,Dry,Abiotic,FALSE,0.45,0.45,0,0,Seed,Therophyte,,3.71,29.60,0.72,7.98,0.08,0.01,0.01,8.50,-12.22,1.68
297,580,Potentilla,simplex,,,,Rosaceae,,0,FALSE,FALSE,No Info,,0,51.14,0.73,0.2344,9,5.682222154,0.081111113,0.026044445,75.69%,218.17,May,0,July,0,0,,Biotic,,Abiotic,FALSE,0,0,0,0,,,,1.57,42.97,0.29,27.42,0.01,0.01,0.00,-2.57,-29.36,1.30
298,585,Potentilla,norvegica,,,,Rosaceae,,0,FALSE,FALSE,No Info,,0,0,0,0,,0,0,0,0.00%,0.00,June,0,August,0,0,Yellow,Biotic,,Abiotic,FALSE,0,0,0,0,,,,,,,,,,,,,
141,590,Potentilla,recta,Herb,Forb,Perennial,Rosaceae,E,0.8,FALSE,FALSE,endomycorrhizal,Perennial,0,276.2,5.36,1.5,11,25.10909202,0.487272739,0.136363636,78.13%,184.13,June,5,August,10,6,Yellow,Biotic,Dry,Abiotic,FALSE,0.2,0.2,0,0,Seed,Hemicryptophyte,,,,,,,,,,,0.60
299,591,Prunus,hortulana,,,,Rosaceae,,10,FALSE,FALSE,No Info,,0,0,0,0,,0,0,0,0.00%,0.00,April,0,May,0,0,,Biotic,,Biotic,FALSE,0,0,0,0,,,,,,,,,,,,,0.30
300,593,Pycnanthemum,verticillatum,,,,Lamiaceae,,1.5,FALSE,FALSE,No Info,,0,0,0,0,,0,0,0,0.00%,0.00,July,0,September,0,0,,Biotic,,Abiotic,FALSE,0,0,0,0,,,,,,,,,,,,,
301,594,Pycnanthemum,muticum,,,,Lamiaceae,,0.8,FALSE,FALSE,No Info,,0,0,0,0,,0,0,0,0.00%,0.00,July,0,September,0,0,Red/pink,Biotic,,Abiotic,FALSE,0,0,0,0,,,,,,,,,,,,,
83,595,Prunella,vulgaris,Herb,Forb,Perennial,Lamiaceae,N,0.3,FALSE,FALSE,endomycorrhizal,Perennial,0,120.63,2,0.34,11,10.96636339,0.181818182,0.030909091,85.47%,354.79,May,5,October,10,6,Purple/blue,Biotic,Dry,Abiotic,TRUE,0.893,0.893,0,0,Seed,Hemicryptophyte,CSR,2.44,40.87,0.69,16.78,0.03,0.00,0.01,-1.20,-34.14,0.65
302,596,Prunus,virginiana,,,,Rosaceae,,10,FALSE,FALSE,No Info,,0,0,0,0,,0,0,0,0.00%,0.00,May,0,June,0,0,,Biotic,Fleshy,Biotic,FALSE,0,0,0,0,,,,,,,,,,,,,0.60
303,597,Quercus,nigra,,,,Fagaceae,,25,FALSE,FALSE,No Info,,0,0,0,0,,0,0,0,0.00%,0.00,May,0,May,0,0,,Abiotic,Dry,Biotic,FALSE,0,0,0,0,,,,,,,,,,,,,
29,598,Prunus,avium,Tree,Tree,Tree,Rosaceae,E,20,FALSE,FALSE,ectomycorrhizal,Perennial,0,429.34,5.6,1.79,11,39.03090876,0.5090909,0.162727269,75.78%,239.85,May,5,May,5,1,White,Biotic,Fleshy,Biotic,FALSE,192.2,192.2,0,0,0,Phanerophyte,,2.50,42.00,0.26,16.83,0.01,0.01,0.00,-0.67,-29.66,0.35
67,599,Prunus,serotina,Tree,Tree,Tree,Rosaceae,N,25,FALSE,FALSE,No Info,Perennial,0,255.44,3.58,1.32,12,21.28666687,0.298333327,0.110000004,73.06%,193.52,May,5,June,6,2,White,Biotic,Fleshy,Biotic,FALSE,102.6,102.6,,,Diaspore,Phanerophyte,,1.98,45.73,0.22,23.10,0.01,0.01,0.00,-2.54,-27.70,0.50
95,601,Pyrus,malus,Tree,Tree,Tree,Rosaceae,E,15,FALSE,FALSE,ectomycorrhizal,Perennial,0,268.52,7.16,3.06,10,26.8519989,0.715999985,0.305999994,70.06%,87.75,April,4,May,5,2,White,Biotic,Fleshy,Biotic,FALSE,22.2,22.2,0,0,Seed,Phanerophyte,,1.49,45.13,0.16,30.25,0.01,0.01,0.00,1.61,-29.65,
304,602,Quercus,robur,,,,Fagaceae,,25,FALSE,FALSE,No Info,,0,0,0,0,,0,0,0,0.00%,0.00,April,0,May,0,0,,Abiotic,Dry,Biotic,FALSE,0,0,0,0,,,,,,,,,,,,,
75,603,Quercus,palustris,Tree,Tree,Tree,Fagaceae,N,30,FALSE,FALSE,ectomycorrhizal,Perennial,0,312.02,4.91,2.08,10,31.2019989,0.490999985,0.207999992,70.24%,150.01,April,4,May,5,2,Green,Abiotic,Dry,Biotic,FALSE,1106.34,1106.34,0,0,,Phanerophyte,,2.34,46.57,0.16,19.92,0.01,0.00,0.00,-1.24,-28.22,
305,604,Pyrus,agustifolia,,,,Rosaceae,,8,FALSE,FALSE,No Info,,0,0,0,0,,0,0,0,0.00%,0.00,May,0,June,0,0,White,Biotic,Fleshy,Biotic,FALSE,0,0,0,0,,,,,,,,,,,,,
88,605,Raphanus,raphinistrum,Herb,Forb,Annual,Brassicaceae,E,0.8,FALSE,FALSE,none,Annual,0,0,0,0,1,0,0,0,0.00%,0.00,May,5,November,11,7,Yellow/white,Biotic,Dry,Abiotic,FALSE,4.471,4.471,0,0,Diaspore,Hemicryptophyte,,,,,,,,,,,
159,606,Ranunculus,arbortivus,Herb,Forb,Perennial,Ranunculaceae,N,0.5,FALSE,FALSE,No Info,Annual,0,86.4,2.09,0.41,9,9.60000017,0.232222213,0.045555555,83.60%,210.73,April,5,June,6,2,Yellow,Biotic,Dry,Abiotic,FALSE,0.177,0.177,,,Diaspore,Hemicryptophyte,,,,,,,,,,,2.43
98,607,Quercus,velutina,Tree,Tree,Tree,Fagaceae,N,40,FALSE,FALSE,ectomycorrhizal,Perennial,0,1931.95,30.59,14.08,10,193.1949951,3.059000015,1.407999992,68.48%,137.21,April,4,May,5,2,Green,Abiotic,Dry,Biotic,FALSE,1851,1851,0,0,Seed,Phanerophyte,,2.17,45.99,0.15,21.17,0.00,0.01,0.00,-0.72,-28.39,0.80
94,608,Quercus,rubra,Tree,Tree,Tree,Fagaceae,N,50,FALSE,FALSE,ectomycorrhizal,Perennial,0,1686.35,31.76,10.9,10,168.6349976,3.176000023,1.089999962,74.45%,154.71,May,5,May,5,1,Green,Abiotic,Dry,Biotic,FALSE,2475,2475,0,0,Seed,Phanerophyte,,1.97,45.20,0.16,22.97,0.00,0.01,0.00,-0.63,-28.76,0.85
105,609,Quercus,alba,Tree,Tree,Tree,Fagaceae,N,30,FALSE,FALSE,ectomycorrhizal,Perennial,0,791.18,14.13,5.95,10,79.11799927,1.413000011,0.594999981,70.37%,132.97,April,4,May,5,2,Green,Abiotic,Dry,Biotic,FALSE,2096.4,2096.4,0,0,Seed,Phanerophyte,,1.96,45.44,0.13,23.15,0.01,0.01,0.00,-2.74,-29.55,0.60
20,610,Rhus,glabra,shrub/vine,Shrub/vine,Shrub,Anacardiaceae,N,6,FALSE,FALSE,No Info,Perennial,0,2645.79,86.33,33.58,13,203.5223107,6.640769372,2.583077064,72.00%,78.79,June,6,July,8,3,White,Biotic,Fleshy,Biotic,TRUE,10.049,10.048,10.05,0,Seed,Phanerophyte,,3.16,47.04,0.32,14.88,0.01,0.00,0.00,-0.42,-26.72,0.50
102,611,Quercus,coccinea,Tree,Tree,Tree,Fagaceae,N,30,FALSE,FALSE,ectomycorrhizal,Perennial,0,0,0,0,1,0,0,0,0.00%,0.00,April,4,May,5,2,Green,Abiotic,Dry,Biotic,FALSE,1930,1930,0,0,Seed,Phanerophyte,,2.26,45.60,0.18,20.15,0.01,0.00,0.00,-1.49,-29.01,1.00
40,613,Rhus,copallinum,shrub/vine,Shrub/vine,Shrub,Anacardiaceae,N,6,FALSE,FALSE,No Info,Perennial,0,808.25,18.76,7.45,10,80.825,1.876000023,0.744999981,71.58%,108.49,June,7,July,9,3,White,Biotic,Fleshy,Biotic,FALSE,7.96,7.96,0,0,Seed,Phanerophyte,,,,,,,,,,,
306,614,Rhus,typhina,,,,Anacardiaceae,,10,FALSE,FALSE,No Info,,0,0,0,0,,0,0,0,0.00%,0.00,June,0,July,0,0,,Biotic,Fleshy,Biotic,FALSE,0,0,0,0,,,,,,,,,,,,,
26,615,Toxicodendron,radicans,shrub/vine,Shrub/vine,Liana,Anacardiaceae,N,40,FALSE,FALSE,none,Perennial,0,1838.35,20.66,9.19,10,183.8349976,2.065999985,0.918999958,69.21%,200.04,May,5,July,5,1,Green,Biotic,Fleshy,Biotic,TRUE,20.23,20.23,0,0,Diaspore,Phanerophyte,,1.85,44.03,0.28,23.80,0.01,0.01,0.00,-3.19,-28.23,0.60
307,616,Rorippa,palustris,,,,Brassicaceae,,1,FALSE,FALSE,No Info,,0,0,0,0,,0,0,0,0.00%,0.00,May,0,September,0,0,Yellow,Biotic,,Abiotic,FALSE,0,0,0,0,,,,,,,,,,,,,0.54
308,618,Pyrus,coronaria,,,,Rosaceae,,10,FALSE,FALSE,No Info,,0,0,0,0,,0,0,0,0.00%,0.00,March,0,May,0,0,Red/pink,Biotic,Fleshy,Biotic,FALSE,0,0,0,0,,,,,,,,,,,,,
309,619,Ranunculus,bulbosus,,,,Ranunculaceae,,0.6,FALSE,FALSE,No Info,,0,0,0,0,,0,0,0,0.00%,0.00,April,0,July,0,0,,Biotic,,Biotic,FALSE,0,0,0,0,,,,,,,,,,,,,5.63
25,620,Rosa,multiflora,shrub/vine,Shrub/vine,Shrub,Rosaceae,E,3,TRUE,FALSE,endomycorrhizal,Perennial,0,240.64,4.68,1.93,11,21.87636358,0.42545453,0.175454541,70.80%,124.68,May,5,June,6,2,White,Biotic,Fleshy,Biotic,TRUE,6.9,6.9,0,0,,Phanerophyte,,1.71,44.22,0.17,25.83,0.01,0.01,0.00,-1.23,-26.55,0.83
310,621,Rosa,virginiana,,,,Rosaceae,,2,TRUE,FALSE,No Info,,0,0,0,0,,0,0,0,0.00%,0.00,May,0,July,0,0,Red/pink,Biotic,,Biotic,FALSE,0,0,0,0,,,,,,,,,,,,,0.98
57,626,Rubus,flagellaris,shrub/vine,Shrub/vine,Shrub,Rosaceae,N,,TRUE,FALSE,endomycorrhizal,Perennial,0,394.72,10.21,4.28,13,30.36307702,0.785384618,0.329230785,70.46%,92.22,May,5,June,7,3,White,Biotic,Fleshy,Biotic,TRUE,3.46,3.46,0,0,,Hemicryptophyte,,1.43,43.98,0.12,30.84,0.01,0.01,0.01,-2.92,-27.25,2.30
311,627,Rhamnus,carthartica,,,,Rhamnaceae,,6,TRUE,FALSE,No Info,,0,0,0,0,,0,0,0,0.00%,0.00,May,0,June,0,0,,Biotic,,Biotic,FALSE,0,0,0,0,,,,,,,,,,,,,1.33
312,629,Robinia,pseudoacacia,,,,Fabaceae,,25,FALSE,FALSE,No Info,,0,0,0,0,,0,0,0,0.00%,0.00,May,0,June,0,0,White,Biotic,,Biotic,FALSE,0,0,0,0,,,,,,,,,,,,,0.65
63,630,Rubus,allegheniensis,shrub/vine,Shrub/vine,Shrub,Rosaceae,N,2,TRUE,FALSE,endomycorrhizal,Perennial,0,709.71,13.63,5.36,11,64.51909291,1.239090919,0.487272739,71.77%,132.41,May,5,July,6,2,White,Biotic,Fleshy,Biotic,TRUE,2.7,2.7,0,0,Seed,Hemicryptophyte,,1.83,44.76,0.18,24.42,0.01,0.01,0.01,-1.69,-28.39,0.30
313,632,Rubus,hispidus,,,,Rosaceae,,0,TRUE,FALSE,No Info,,0,0,0,0,,0,0,0,0.00%,0.00,June,0,August,0,0,,Biotic,,Biotic,FALSE,0,0,0,0,,,,,,,,,,,,,
73,634,Rubus,phoenicolasius,shrub/vine,Shrub/vine,Shrub,Rosaceae,E,2,TRUE,FALSE,endomycorrhizal,Perennial,0,1305.37,12.84,4.24,13,100.4130765,0.987692319,0.326153829,75.18%,307.87,June,6,June,6,1,White,Biotic,Fleshy,Biotic,TRUE,0,,,,,Hemicryptophyte,,2.13,43.69,0.24,20.51,0.01,0.01,0.00,-1.28,-29.80,
70,635,Rubus,occidentalis,shrub/vine,Shrub/vine,Shrub,Rosaceae,N,0,TRUE,FALSE,endomycorrhizal,Perennial,0,810.2,9.99,3.49,13,62.32307786,0.768461521,0.268461539,74.11%,232.15,May,5,June,6,2,White,Biotic,Fleshy,Biotic,TRUE,1.36,1.36,0,0,,Hemicryptophyte,,2.22,42.63,0.23,19.24,0.02,0.00,0.00,-0.78,-27.92,0.30
314,636,Rubus,stringosus,,,,Rosaceae,,2,TRUE,FALSE,No Info,,0,0,0,0,,0,0,0,0.00%,0.00,May,0,July,0,0,,Biotic,,Biotic,FALSE,0,0,0,0,,,,,,,,,,,,,
315,639,Rudbeckia,triloba,,,,Asteraceae,,1.5,FALSE,FALSE,No Info,,0,0,0,0,,0,0,0,0.00%,0.00,June,0,October,0,0,,Biotic,,Abiotic,FALSE,0,0,0,0,,,,,,,,,,,,,
316,640,Rudbeckia,hirta,,,,Asteraceae,,1,FALSE,FALSE,No Info,,0,0,0,0,,0,0,0,0.00%,0.00,June,0,October,0,0,Yellow/orange,Biotic,,Abiotic,FALSE,0,0,0,0,,,,,,,,,,,,,6.50
163,645,Rumex,acetosella,Herb,Forb,Perennial,Polygonaceae,E,0.4,FALSE,FALSE,none,Perennial,0,25.66,1.15,0.14,10,2.565999985,0.114999998,0.014,89.15%,183.29,May,5,August,9,,Green,Abiotic,Dry,Abiotic,TRUE,0.465,0.465,0,0,Seed,Hemicryptophyte,CSR to SR,2.31,41.96,0.25,18.14,0.01,0.00,0.00,-0.56,-29.21,1.68
160,650,Rumex,crispus,Herb,Forb,Perennial,Polygonaceae,E,1,FALSE,FALSE,endomycorrhizal,Perennial,0,4081.09,186.73,36.66,11,371.0081898,16.97545416,3.332727259,83.59%,111.32,April,4,May,5,2,Green,Abiotic,Dry,Abiotic,TRUE,1.33,1.33,,,Germinule,Hemicryptophyte,CR to R,3.35,41.99,0.29,12.54,0.04,0.00,0.01,4.17,-30.72,4.40
28,652,Sassafras,albidum,Tree,Tree,Tree,Lauraceae,N,20,FALSE,FALSE,No Info,Perennial,0,581.11,7.45,2.23,11,52.82818049,0.67727271,0.202727274,76.96%,260.59,April,4,May,5,2,Yellow,Biotic,Fleshy,Biotic,TRUE,78.21,78.21,0,0,,Phanerophyte,,2.95,45.56,0.23,15.46,0.01,0.00,0.00,-1.34,-31.18,
317,654,Sanicula,gregaria,,,,Apiaceae,,0.8,FALSE,FALSE,No Info,,0,52.11,0.49,0.1186,1,52.11000061,0.49000001,0.118600003,80.51%,439.38,June,0,August,0,0,Green,Biotic,,Biotic,FALSE,0,0,0,0,,,,2.18,40.78,0.33,18.68,0.03,0.01,0.00,-1.37,-33.95,
318,655,Scleranthus,annuus,,,,Caryophyllaceae,,0,FALSE,FALSE,No Info,,0,0,0,0,,0,0,0,0.00%,0.00,May,0,October,0,0,,Biotic,,Abiotic,FALSE,0,0,0,0,,,,,,,,,,,,,
319,660,Scenecio,vulgaris,,,,Asteraceae,,0.4,FALSE,FALSE,No Info,,0,0,0,0,,0,0,0,0.00%,0.00,May,0,October,0,0,,Biotic,,Abiotic,FALSE,0,0,0,0,,,,,,,,,,,,,1.58
122,666,Setaria,faberi,Herb,Graminoid,Annual,Poaceae,E,0.5,FALSE,FALSE,No Info,Annual,0,323.92,5.05,1.69,10,32.39200134,0.505000019,0.169000006,74.93%,191.67,July,7,October,10,4,Green,Abiotic,Dry,Abiotic,FALSE,0.875,0.875,0,0,Seed,Therophyte,,1.39,41.81,0.28,30.00,0.02,0.00,0.00,-0.24,-11.89,1.63
320,668,Setaria,glauca,,,,Poaceae,,1.2,FALSE,FALSE,No Info,,0,0,0,0,,0,0,0,0.00%,0.00,July,0,October,0,0,,Abiotic,,Abiotic,FALSE,0,0,0,0,,,,,,,,,,,,,1.28
321,669,Setaria,viridis,,,,Poaceae,,0.5,FALSE,FALSE,No Info,,0,0,0,0,,0,0,0,0.00%,0.00,July,0,September,0,0,,Abiotic,,Abiotic,FALSE,0,0,0,0,,,,,,,,,,,,,0.80
322,670,Sida,spinosa,,,,Malvaceae,,0.6,FALSE,FALSE,No Info,,0,0,0,0,,0,0,0,0.00%,0.00,July,0,October,0,0,,Abiotic,,Abiotic,FALSE,0,0,0,0,,,,,,,,,,,,,
323,671,Silene,antirrhina,,,,Caryophyllaceae,,0.8,FALSE,FALSE,No Info,,0,0,0,0,,0,0,0,0.00%,0.00,May,0,July,0,0,Red/pink,Biotic,,Abiotic,FALSE,0,0,0,0,,,,,,,,,,,,,
324,672,Silene,vulgaris,,,,Caryophyllaceae,,0.8,FALSE,FALSE,No Info,,0,0,0,0,,0,0,0,0.00%,0.00,May,0,September,0,0,White,Biotic,,Abiotic,FALSE,0,0,0,0,,,,,,,,,,,,,1.13
325,675,Sisyrinchium,angustifolium,,,,Iridaceae,,0.5,FALSE,FALSE,No Info,,0,0,0,0,,0,0,0,0.00%,0.00,May,0,July,0,0,Purple/blue,Abiotic,,Abiotic,FALSE,0,0,0,0,,,,,,,,,,,,,
34,677,Smilax,rotundifolium,shrub/vine,Shrub/vine,Liana,Smilacaceae,N,6,TRUE,FALSE,No Info,Perennial,0,388.48,5.73,1.54,10,38.8480011,0.573000002,0.153999996,78.82%,252.26,May,5,June,6,2,White,Biotic,Fleshy,Biotic,TRUE,0,,,,,Phanerophyte,,,,,,,,,,,
326,684,Solanum,nigrum,,,,Solanaceae,,0.6,FALSE,FALSE,No Info,,0,0,0,0,,0,0,0,0.00%,0.00,June,0,October,0,0,White,Biotic,,Biotic,FALSE,0,0,0,0,,,,,,,,,,,,,3.10
62,685,Solanum,carolinense,Herb,Forb,Perennial,Solanaceae,N,1,TRUE,FALSE,No Info,Perennial,0,239.56,5.27,1.17,13,18.42769212,0.405384614,0.089999997,81.83%,204.75,June,6,September,9,4,White,Biotic,Dry,Biotic,FALSE,1.886,1.886,0,0,Seed,Geophyte,,2.50,43.78,0.25,17.54,0.01,0.01,0.01,-1.70,-28.30,1.20
327,686,Solanum,dulcamara,,,,Solanaceae,,3,FALSE,FALSE,No Info,,0,0,0,0,,0,0,0,0.00%,0.00,May,0,August,0,0,Purple/blue,Biotic,,Biotic,FALSE,0,0,0,0,,,,,,,,,,,,,0.80
16,690,Solidago,canadensis,Herb,Forb,Perennial,Asteraceae,N,2,FALSE,FALSE,endomycorrhizal,Perennial,0,88.1,2.34,0.66,11,8.00909077,0.212727265,0.060000002,78.00%,133.48,July,7,October,10,4,Yellow,Biotic,Dry,Abiotic,TRUE,0.063,0.063,0,0,Seed,Hemicryptophyte,,1.96,44.68,0.25,22.79,0.02,0.01,0.00,-2.95,-28.22,1.58
9,695,Euthamia,graminifolia,Herb,Forb,Perennial,Asteraceae,N,1,FALSE,FALSE,No Info,Perennial,0,42.02,0.64,0.28,10,4.202000046,0.063999999,0.028,69.57%,150.07,July,7,November,11,5,Yellow,Biotic,Dry,Abiotic,TRUE,0.07,0.07,0,0,Diaspore,Geophyte,,2.30,45.38,0.24,19.74,0.02,0.00,0.00,-2.87,-29.76,
8,700,Solidago,juncea,Herb,Forb,Perennial,Asteraceae,N,1.2,FALSE,FALSE,endomycorrhizal,Perennial,0,190.25,3.95,1.03,10,19.025,0.395000005,0.102999997,79.32%,184.71,July,7,October,10,4,Yellow,Biotic,Dry,Abiotic,TRUE,0.113,0.113,0,0,Seed,Hemicryptophyte,,1.53,43.63,0.23,28.50,0.03,0.00,0.00,-2.63,-30.39,
50,705,Solidago,nemoralis,Herb,Forb,Perennial,Asteraceae,N,1,FALSE,FALSE,endomycorrhizal,Perennial,0,173.98,4.57,1.29,12,14.49833298,0.380833348,0.107499997,77.99%,134.87,June,6,October,10,5,Yellow,Biotic,Dry,Abiotic,TRUE,0.06,0.06,0,0,Seed,Hemicryptophyte,,1.33,46.84,0.17,35.25,0.01,0.01,0.00,-2.19,-26.92,1.70
11,710,Solidago,rugosa,Herb,Forb,Perennial,Asteraceae,N,2.5,FALSE,FALSE,endomycorrhizal,Perennial,0,128.4,2.54,0.87,10,12.83999939,0.253999996,0.087,74.49%,147.59,August,8,November,11,4,Yellow,Biotic,Dry,Abiotic,TRUE,0.083,0.083,0,0,Seed,Hemicryptophyte,,1.86,44.03,0.27,23.71,0.02,0.00,0.00,-3.19,-28.28,
58,713,Solidago,gigantea,Herb,Forb,Perennial,Asteraceae,N,2,FALSE,FALSE,endomycorrhizal,Perennial,0,105.29,1.72,0.6,10,10.52900009,0.172000003,0.060000002,74.14%,175.48,July,7,October,10,4,Yellow,Biotic,Dry,Abiotic,TRUE,0.06,0.06,0,0,Diaspore,Hemicryptophyte,,2.20,43.92,0.29,20.00,0.02,0.00,0.00,-1.98,-30.92,1.82
328,725,Sorghum,halepense,,,,Poaceae,,1.5,FALSE,FALSE,No Info,,0,0,0,0,,0,0,0,0.00%,0.00,August,0,October,0,0,,Abiotic,,Abiotic,FALSE,0,0,0,0,,,,,,,,,,,,,1.65
329,735,Triodanis,perfoliata,,,,Campanulaceae,,1,FALSE,FALSE,No Info,,0,0,0,0,,0,0,0,0.00%,0.00,May,0,June,0,0,Blue,Biotic,,Abiotic,FALSE,0,0,0,0,,,,,,,,,,,,,
330,740,Stachys,annua,,,,Lamiaceae,,0.3,FALSE,FALSE,No Info,,0,0,0,0,,0,0,0,0.00%,0.00,June,0,August,0,0,,Biotic,,Abiotic,FALSE,0,0,0,0,,,,,,,,,,,,,
137,745,Stellaria,media,Herb,Forb,Annual,Caryophyllaceae,E,0.3,FALSE,FALSE,none,Annual,0,0,0,0,1,0,0,0,0.00%,0.00,March,3,November,11,9,White,Biotic,Dry,Abiotic,TRUE,0.35,0.35,0,0,Seed,Therophyte,,,,,,,,,,,1.05
161,750,Taraxacum,officinale,Herb,Forb,Biennial,Asteraceae,E,0.02,FALSE,FALSE,endomycorrhizal,Perennial,0,409.5,12.33,1.78,10,40.95,1.232999992,0.177999997,87.38%,230.06,May,5,December,12,8,Yellow,Biotic,Dry,Abiotic,FALSE,0.64,0.64,0,0,Seed,Hemicryptophyte,R to CSR,3.21,39.24,0.52,12.22,0.03,0.01,0.00,1.48,-29.29,1.28
331,751,Taxus,canadensis,,,,Taxaceae,,1.5,FALSE,FALSE,No Info,,0,0,0,0,,0,0,0,0.00%,0.00,0,0,0,0,0,,Abiotic,,Biotic,FALSE,0,0,0,0,,,,,,,,,,,,,11.60
332,755,Tragopogon,dubius,,,,Asteraceae,,1,FALSE,FALSE,No Info,,0,0,0,0,,0,0,0,0.00%,0.00,May,0,July,0,0,,Biotic,,Abiotic,FALSE,0,0,0,0,,,,,,,,,,,,,2.94
333,756,Tragopogon,pratensis,,,,Asteraceae,,0,FALSE,FALSE,No Info,,0,0,0,0,,0,0,0,0.00%,0.00,May,0,August,0,0,,Biotic,,Abiotic,FALSE,0,0,0,0,,,,,,,,,,,,,
126,758,Tridens,flavus,Herb,Graminoid,Perennial,Poaceae,N,1.5,FALSE,FALSE,No Info,Perennial,0,0,0,0,1,0,0,0,0.00%,0.00,July,7,September,9,3,Green,Abiotic,Dry,Abiotic,FALSE,0.84,0.84,0,0,Seed,Hemicryptophyte,,,,,,,,,,,
334,760,Trifolium,arvense,,,,Fabaceae,,0.4,FALSE,FALSE,No Info,,0,0,0,0,,0,0,0,0.00%,0.00,May,0,September,0,0,,Biotic,,Abiotic,FALSE,0,0,0,0,,,,,,,,,,,,,0.39
124,761,Trifolium,aureum,Herb,Forb,Biennial,Fabaceae,E,0.5,FALSE,TRUE,endomycorrhizal,Annual,0,21.49,0.26,0.06,10,2.148999977,0.025999999,0.006,81.25%,358.17,June,6,November,11,6,Yellow,Biotic,Dry,Abiotic,FALSE,0.68,0.68,0,0,Seed,Therophyte,,3.13,44.91,0.16,14.34,0.01,0.01,0.00,-1.65,-31.64,0.38
335,763,Trifolium,dubium,,,,Fabaceae,,0,FALSE,FALSE,No Info,,0,0,0,0,,0,0,0,0.00%,0.00,May,0,October,0,0,Yellow,Biotic,,Abiotic,FALSE,0,0,0,0,,,,,,,,,,,,,
97,765,Trifolium,hybridum,Herb,Forb,Perennial,Fabaceae,E,0.8,FALSE,TRUE,endomycorrhizal,Perennial,0,60.16,1.49,0.33,10,6.015999985,0.149000001,0.033000001,81.87%,182.30,May,5,October,10,6,Yellow,Biotic,Dry,Abiotic,FALSE,0.642,0.642,0,0,Diaspore,Hemicryptophyte,,,,,,,,,,,0.62
22,770,Trifolium,pratense,Herb,Forb,Biennial,Fabaceae,E,0.8,FALSE,TRUE,endomycorrhizal,Perennial,0,116.17,2.8,0.69,10,11.61699982,0.279999995,0.069,80.23%,168.36,May,5,October,10,6,Purple/blue,Biotic,Dry,Abiotic,FALSE,1.35,1.35,0,0,Diaspore,Hemicryptophyte,CSR,3.77,42.54,0.22,11.27,0.02,0.01,0.00,-0.90,-30.21,0.43
336,772,Trifolium,campestre,,,,Fabaceae,,0.4,FALSE,FALSE,No Info,,0,0,0,0,,0,0,0,0.00%,0.00,May,0,September,0,0,,Biotic,,Abiotic,FALSE,0,0,0,0,,,,,,,,,,,,,0.37
162,775,Trifolium,repens,Herb,Forb,Perennial,Fabaceae,E,0.1,FALSE,TRUE,endomycorrhizal,Perennial,0,61.1,1.24,0.26,15,4.073333232,0.082666667,0.017333333,82.67%,235.00,May,5,October,10,6,White,Biotic,Dry,Abiotic,TRUE,0.409,0.409,0,0,Seed,Hemicryptophyte,CSR to CR,4.21,41.54,0.33,9.87,0.01,0.01,0.00,-1.63,-29.24,1.12
337,777,Ulmus,rubra,,,,Ulmaceae,,20,FALSE,FALSE,No Info,,0,146,2.33,0.8684,4,36.5,0.582499981,0.217099994,72.85%,168.13,March,0,April,0,0,,Abiotic,,Abiotic,FALSE,0,0,0,0,,,,1.81,41.38,0.24,22.82,0.01,0.01,0.00,-1.81,-29.78,2.00
338,778,Urtica,dioica,,,,Urticaceae,,0,FALSE,FALSE,No Info,,0,0,0,0,,0,0,0,0.00%,0.00,June,0,September,0,0,,Abiotic,,Abiotic,FALSE,0,0,0,0,,,,,,,,,,,,,1.58
104,779,Ulmus,americana,Tree,Tree,Tree,Ulmaceae,N,40,FALSE,FALSE,ectomycorrhizal,Perennial,0,412.99,6.42,2.45,10,41.29899902,0.642000008,0.245000005,72.38%,168.57,March,3,April,4,2,Green,Abiotic,Dry,Abiotic,FALSE,3.757,3.757,0,0,Seed,Phanerophyte,,,,,,,,,,,3.20
86,780,Verbascum,blattaria,Herb,Forb,Biennial,Scrophulariaceae,E,1.2,FALSE,FALSE,none,Biennial,0,158.75,3.81,0.7,10,15.875,0.380999994,0.069999999,84.48%,226.79,May,5,July,7,3,Yellow,Biotic,Dry,Abiotic,FALSE,0.11,0.11,0,0,Seed,Hemicryptophyte,,,,,,,,,,,
339,782,Ulmus,pumila,,,,Ulmaceae,,25,FALSE,FALSE,No Info,,0,0,0,0,,0,0,0,0.00%,0.00,March,0,April,0,0,Green,Abiotic,,Abiotic,FALSE,0,0,0,0,,,,,,,,,,,,,
340,785,Verbascum,thapsus,,,,Scrophulariaceae,,2,FALSE,FALSE,No Info,,0,86.05,3.31,0.8297,3,28.68333435,1.103333314,0.276566664,79.96%,103.71,June,0,September,0,0,,Biotic,,Abiotic,FALSE,0,0,0,0,,,,0.69,44.11,0.19,63.48,0.01,0.01,0.00,-1.92,-29.52,
341,790,Verbena,hastata,,,,Verbenaceae,,1.5,FALSE,FALSE,No Info,,0,0,0,0,,0,0,0,0.00%,0.00,June,0,October,0,0,,Biotic,,Abiotic,FALSE,0,0,0,0,,,,,,,,,,,,,0.60
342,791,Verbena,urticifolia,,,,Verbenaceae,,1.5,FALSE,FALSE,No Info,,0,296.37,3.64,0.8503,6,49.39499919,0.606666684,0.141716669,81.06%,348.55,June,0,October,0,0,White,Biotic,,Abiotic,FALSE,0,0,0,0,,,,3.18,38.34,0.67,12.06,0.02,0.01,0.01,5.27,-30.37,0.64
343,793,Vernonia,noveboracensis,,,,Scrophulariaceae,,2,FALSE,FALSE,No Info,,0,0,0,0,,0,0,0,0.00%,0.00,July,0,September,0,0,Purple/blue,Abiotic,,Abiotic,FALSE,0,0,0,0,,,,,,,,,,,,,
344,794,Veronica,serpyllifolia,,,,Scrophulariaceae,,0.3,FALSE,FALSE,No Info,,0,0,0,0,,0,0,0,0.00%,0.00,May,0,August,0,0,,Biotic,,Abiotic,FALSE,0,0,0,0,,,,,,,,,,,,,0.44
131,796,Veronica,officinalis,Herb,Forb,Perennial,Scrophulariaceae,E,0.25,FALSE,FALSE,endomycorrhizal,Perennial,0,37.15,0.46,0.0897,9,4.127777947,0.051111112,0.009966666,83.68%,414.16,May,5,September,9,5,Purple/blue,Biotic,Dry,Abiotic,TRUE,0.11,0.11,0,0,Diaspore,Chamaephyte,,2.11,43.31,0.27,20.57,0.02,0.00,0.00,-1.88,-34.08,0.90
345,797,Veronica,arvensis,,,,Scrophulariaceae,,0.3,FALSE,FALSE,No Info,,0,,,,,,,,,,April,0,September,0,0,,Biotic,,Abiotic,FALSE,0,0,0,0,,,,,,,,,,,,,0.33
346,798,Veronica,peregrina,,,,Scrophulariaceae,,0.3,FALSE,FALSE,No Info,,0,0,0,0,,0,0,0,0.00%,0.00,April,0,September,0,0,,Biotic,,Abiotic,FALSE,0,0,0,0,,,,,,,,,,,,,0.95
38,800,Viburnum,prunifolium,shrub/vine,Shrub/vine,Shrub,Caprifoliaceae,N,8,FALSE,FALSE,No Info,Perennial,0,173.79,3.46,1.41,12,14.48249944,0.288333337,0.117499997,71.05%,123.26,May,5,May,5,1,White,Biotic,Fleshy,Biotic,FALSE,124,124,,,Seed,Phanerophyte,,1.43,45.28,0.15,31.69,0.01,0.01,0.00,-3.17,-28.10,
103,801,Viburnum,dentatum,shrub/vine,Shrub/vine,Shrub,Caprifoliaceae,N,5,FALSE,FALSE,No Info,Perennial,0,209.68,3.24,1.2,10,20.96799927,0.324000001,0.120000005,72.97%,174.73,May,5,June,6,2,White,Biotic,Fleshy,Biotic,FALSE,38.3,38.3,0,0,Seed,Phanerophyte,,1.67,46.73,0.18,27.91,0.01,0.01,0.00,-3.47,-28.65,5.10
347,802,Viburnum,acerifolium,,,,Caprifoliaceae,,2,FALSE,FALSE,No Info,,0,0,0,0,,0,0,0,0.00%,0.00,May,0,June,0,0,White,Biotic,Fleshy,Biotic,FALSE,0,0,0,0,,,,,,,,,,,,,3.10
92,805,Vicia,villosa,Herb,Forb,Biennial,Fabaceae,E,1,FALSE,TRUE,No Info,Annual,0,34.43,0.67,0.08,2,17.21500015,0.335000008,0.039999999,89.33%,430.38,May,5,September,9,5,Purple/blue,Biotic,Dry,Abiotic,FALSE,24.2,24.2,0,0,Seed,Therophyte,,,,,,,,,,,2.28
348,806,Viola,sororia,,,,Violaceae,,0,FALSE,FALSE,No Info,,0,0,0,0,,0,0,0,0.00%,0.00,March,0,June,0,0,Purple/blue,Biotic,Dry,Biotic,FALSE,0,0,0,0,,,,,,,,,,,,,1.50
349,809,Vitis,riparia,,,,Vitaceae,,0,FALSE,FALSE,No Info,,0,0,0,0,,0,0,0,0.00%,0.00,May,0,May,0,0,,Biotic,Fleshy,Biotic,FALSE,0,0,0,0,,,,,,,,,,,,,0.48
358,810,Viola,sp.,,,,,,0.4,FALSE,FALSE,No Info,,0,85.86,1.01,0.1857,3,28.6200002,0.336666663,0.0619,84.47%,462.36,0,0,0,0,0,,,,,FALSE,0,0,0,0,,,,2.94,37.89,0.28,12.87,0.04,0.01,0.01,-1.11,-33.26,
59,811,Vitis,sp.,shrub/vine,Shrub/vine,Liana,Vitaceae,N,40,FALSE,FALSE,No Info,Perennial,0,1326.67,23.56,7.96,11,120.6063676,2.141818133,0.723636367,74.75%,166.67,May,5,May,5,1,Green,Biotic,Fleshy,Biotic,FALSE,0,,,,,Phanerophyte,,1.93,44.05,0.18,22.81,0.01,0.01,0.00,-1.70,-26.97,0.50
350,812,Vitis,vulpina,,,,Vitaceae,,0,FALSE,FALSE,No Info,,0,0,0,0,,0,0,0,0.00%,0.00,May,0,May,0,0,,Biotic,Fleshy,Biotic,FALSE,0,0,0,0,,,,,,,,,,,,,0.45
351,813,Vitis,palmata,,,,Vitaceae,,0,FALSE,FALSE,No Info,,0,0,0,0,,0,0,0,0.00%,0.00,May,0,May,0,0,,Biotic,Fleshy,Biotic,FALSE,0,0,0,0,,,,,,,,,,,,,
352,815,Vitis,labrusca,,,,Vitaceae,,0,FALSE,FALSE,No Info,,0,0,0,0,,0,0,0,0.00%,0.00,May,0,May,0,0,,Biotic,Fleshy,Biotic,FALSE,0,0,0,0,,,,,,,,,,,,,0.53
353,816,Vitis,aestivalis,,,,Vitaceae,,0,FALSE,FALSE,No Info,,0,0,0,0,,0,0,0,0.00%,0.00,May,0,May,0,0,,Biotic,Fleshy,Biotic,FALSE,0,0,0,0,,,,,,,,,,,,,0.53
