species_id,Family,Genus,species,Species,Origin,Growth,Span,Pollination,Dispersal,Clonality,Height (m),LDMC (g/g),SLA (cm2/g),Seedmass (g/1000 seeds)
5,"Malvaceae	",Abutilon,theophrasti,Abutilon_theophrasti,Exotic,Forb,Annual,Biotic,Abiotic,FALSE,1.50,NA,250.00,9.077
9,"Euphorbiaceae	",Acalypha,gracilens,Acalypha_gracilens,Native,Forb,Annual,Abiotic,Abiotic,FALSE,0.50,NA,NA,NA
10,"Euphorbiaceae	",Acalypha,rhomboidea,Acalypha_rhomboidea,Native,Forb,Annual,Abiotic,Abiotic,FALSE,0.60,0.286,495.50,0.865
11,"Euphorbiaceae	",Acalypha,virginica,Acalypha_virginica,Native,Forb,Annual,Abiotic,Abiotic,FALSE,0.60,NA,NA,0.600
15,"Sapindaceae	",Acer,negundo,Acer_negundo,Native,Tree,Perennial,Abiotic,Abiotic,FALSE,20.00,0.271,206.74,39.100
16,"Sapindaceae	",Acer,saccharinum,Acer_saccharinum,Native,Tree,Perennial,Abiotic,Abiotic,FALSE,30.00,0.417,132.04,254.830
17,"Sapindaceae	",Acer,platanoides,Acer_platanoides,Exotic,Tree,Perennial,Abiotic,Abiotic,FALSE,30.000,0.377,200.99,158.600
18,"Sapindaceae	",Acer,saccharum,Acer_saccharum,Native,Tree,Perennial,Abiotic,Abiotic,FALSE,40.00,0.422,210.67,58.500
20,"Sapindaceae	",Acer,rubrum,Acer_rubrum,Native,Tree,Perennial,Abiotic,Abiotic,FALSE,35.00,0.371,180.02,17.514
25,"Asteraceae	",Achillea,millefolium,Achillea_millefolium,Native,Forb,Perennial,Biotic,Abiotic,TRUE,1.00,0.261,60.13,0.082
26,Ranunculaceae,Actaea,pachypoda,Actaea_pachypoda,Native,Forb,Perennial,Biotic,Biotic,FALSE,0.80,NA,NA,9.758
30,"Poaceae	",Elytrigia,repens,Elytrigia_repens,Exotic,Graminoid,Perennial,Abiotic,Abiotic,TRUE,1.00,0.392,140.03,2.020
32,"Poaceae	",Agrostis,gigantea,Agrostis_gigantea,Exotic,Graminoid,Perennial,Abiotic,Abiotic,TRUE,1.50,0.294,285.22,0.090
35,"Poaceae	",Agrostis,stolonifera,Agrostis_stolonifera,Exotic,Graminoid,Perennial,Abiotic,Abiotic,TRUE,0.50,0.222,208.00,0.020
36,"Poaceae	",Agrostis,perennans,Agrostis_perennans,Exotic,Graminoid,Perennial,Abiotic,Abiotic,FALSE,1.00,NA,NA,0.099
37,"Poaceae	",Agrostis,capillaris,Agrostis_capillaris,Exotic,Graminoid,Perennial,Abiotic,Abiotic,TRUE,0.60,0.273,333.80,0.058
40,"Poaceae	",Agrostis,hyemalis,Agrostis_hyemalis,Native,Graminoid,Perennial,Abiotic,Abiotic,FALSE,0.90,0.381,193.69,0.042
45,"Simaroubaceae	",Ailanthus,altissima,Ailanthus_altissima,Exotic,Tree,Perennial,Biotic,Abiotic,FALSE,25.00,0.303,175.71,26.070
49,"Amaryllidaceae	",Allium,canadense,Allium_canadense,Native,Forb,Perennial,Biotic,Abiotic,FALSE,0.60,NA,NA,8.900
50,"Amaryllidaceae	",Allium,vineale,Allium_vineale,Exotic,Forb,Perennial,Biotic,Abiotic,FALSE,1.00,0.171,184.40,5.000
52,"Rosaceae	",Amelanchier,canadensis,Amelanchier_canadensis,Native,Shrub,Perennial,Biotic,Biotic,FALSE,8.00,NA,NA,8.100
53,"Brassicaceae	",Alliaria,petiolata,Alliaria_petiolata,Exotic,Forb,Biennial,Biotic,Abiotic,FALSE,1.00,0.160,313.69,1.720
56,"Amaranthaceae	",Amaranthus,retroflexus,Amaranthus_retroflexus,Exotic,Forb,Annual,Abiotic,Abiotic,FALSE,3.00,0.217,163.92,0.400
60,"Asteraceae	",Ambrosia,artemisiifolia,Ambrosia_artemisiifolia,Native,Forb,Annual,Abiotic,Abiotic,FALSE,1.00,0.242,221.12,4.020
61,"Asteraceae	",Ambrosia,trifida,Ambrosia_trifida,Native,Forb,Annual,Abiotic,Abiotic,FALSE,2.00,0.189,258.44,11.000
65,"Primulaceae	",Anagallis,arvensis,Anagallis_arvensis,Exotic,Forb,Annual,Biotic,Abiotic,FALSE,0.30,0.142,297.86,0.500
70,"Asteraceae	",Anaphalis,margaritacea,Anaphalis_margaritacea,Native,Forb,Perennial,Biotic,Abiotic,FALSE,0.90,0.294,158.50,0.014
75,"Poaceae	",Schizachyrium,scoparium,Schizachyrium_scoparium,Native,Graminoid,Perennial,Abiotic,Abiotic,TRUE,1.20,0.354,95.60,1.800
76,"Poaceae	",Andropogon,virginicus,Andropogon_virginicus,Native,Graminoid,Perennial,Abiotic,Abiotic,FALSE,1.50,0.371,187.30,0.300
80,"Asteraceae	",Antennaria,neglecta,Antennaria_neglecta,Native,Forb,Perennial,Biotic,Abiotic,FALSE,0.40,NA,178.02,0.068
81,Asteraceae,Antennaria,sp,Antennaria_sp,Native,Forb,Perennial,Biotic,Abiotic,FALSE,NA,NA,NA,NA
85,"Asteraceae	",Anthemis,arvensis,Anthemis_arvensis,Exotic,Forb,Annual,Biotic,Abiotic,FALSE,0.50,0.129,372.37,0.670
86,"Asteraceae	",Anthemis,cotula,Anthemis_cotula,Exotic,Forb,Annual,Biotic,Abiotic,FALSE,0.90,0.191,206.56,0.411
89,"Poaceae	",Anthoxanthum,odoratum,Anthoxanthum_odoratum,Exotic,Graminoid,Perennial,Abiotic,Abiotic,TRUE,0.70,0.248,169.73,0.450
90,"Fabaceae	",Apios,americana,Apios_americana,Native,Forb,Perennial,Biotic,Abiotic,FALSE,6.00,NA,NA,NA
94,"Apocynaceae	",Apocynum,androsaemifolium,Apocynum_androsaemifolium,Native,Forb,Perennial,Biotic,Abiotic,FALSE,0.80,0.340,161.63,0.258
95,"Apocynaceae	",Apocynum,cannabinum,Apocynum_cannabinum,Native,Forb,Perennial,Biotic,Abiotic,FALSE,1.50,0.339,156.14,0.808
97,"Asteraceae	",Arctium,minus,Arctium_minus,Exotic,Forb,Perennial,Biotic,Biotic,FALSE,1.50,0.177,240.67,8.800
100,"Caryophyllaceae	",Arenaria,serpyllifolia,Arenaria_serpyllifolia,Exotic,Forb,Annual,Biotic,Abiotic,FALSE,0.30,0.303,203.21,0.070
105,"Araceae	",Arisaema,triphyllum,Arisaema_triphyllum,Native,Forb,Perennial,Biotic,Biotic,FALSE,0.60,NA,380.00,31.000
106,Poaceae,Arrhenatherum,elastius,Arrhenatherum_elastius,Exotic,Graminoid,Biennial,Abiotic,Abiotic,FALSE,2.00,0.272,285.47,2.800
109,"Apocynaceae	",Asclepias,incarnata,Asclepias_incarnata,Native,Forb,Perennial,Biotic,Abiotic,FALSE,1.50,0.178,277.75,3.650
110,"Apocynaceae	",Asclepias,syriaca,Asclepias_syriaca,Native,Forb,Perennial,Biotic,Abiotic,TRUE,2.00,0.200,142.90,5.845
115,"Asparagaceae	",Asparagus,officinalis,Asparagus_officinalis,Exotic,Forb,Perennial,Biotic,Biotic,FALSE,2.00,0.304,110.34,26.000
120,"Asteraceae	",Aster,ericoides,Aster_ericoides,Native,Forb,Perennial,Biotic,Abiotic,TRUE,1.00,0.276,205.13,0.122
122,"Asteraceae	",Aster,novae-angliae,Aster_novaeangliae,Native,Forb,Perennial,Biotic,Abiotic,FALSE,2.00,NA,NA,0.300
125,"Asteraceae	",Aster,pilosus,Aster_pilosus,Native,Forb,Biennial,Biotic,Abiotic,FALSE,1.50,0.232,220.05,0.139
130,"Asteraceae	",Aster,lanceolatus,Aster_lanceolatus,Native,Forb,Biennial,Biotic,Abiotic,FALSE,1.50,0.239,280.67,0.163
137,"Asteraceae	",Aster,laterifolius,Aster_laterifolius,Native,Forb,Biennial,Biotic,Abiotic,TRUE,1.20,NA,NA,0.060
140,"Brassicaceae	",Barbarea,vulgaris,Barbarea_vulgaris,Exotic,Forb,Biennial,Biotic,Abiotic,FALSE,0.80,0.186,151.73,0.813
150,"Berberidaceae	",Berberis,thunbergii,Berberis_thunbergii,Exotic,Shrub,Perennial,Biotic,Biotic,FALSE,2.00,0.296,232.87,15.640
152,"Betulaceae	",Betula,alleghaniensis,Betula_alleghaniensis,Native,Tree,Perennial,Abiotic,Abiotic,FALSE,30.00,0.258,350.28,1.000
155,"Asteraceae	",Bidens,vulgata,Bidens_vulgata,Native,Forb,Annual,Biotic,Biotic,FALSE,1.20,NA,NA,7.182
158,"Brassicaceae	",Sinapis,arvensis,Sinapis_arvensis,Exotic,Forb,Annual,Biotic,Abiotic,FALSE,0.80,0.110,390.08,1.900
166,"Poaceae	",Bromus,inermis,Bromus_inermis,Exotic,Graminoid,Perennial,Abiotic,Abiotic,FALSE,1.00,0.311,188.49,2.900
167,"Poaceae	",Bromus,racemosus,Bromus_racemosus,Exotic,Graminoid,Annual,Abiotic,Abiotic,FALSE,1.00,0.354,143.58,3.980
168,"Poaceae	",Bromus,tectorum,Bromus_tectorum,Exotic,Graminoid,Annual,Abiotic,Abiotic,FALSE,0.70,0.265,210.19,3.300
175,"Brassicaceae	",Capsella,bursa-pastoris,Capsella_bursapastoris,Exotic,Forb,Annual,Abiotic,Abiotic,FALSE,0.60,0.162,299.32,0.100
177,"Cyperaceae	",Carex,pensylvanica,Carex_pensylvanica,Native,Graminoid,Perennial,Abiotic,Abiotic,FALSE,0.45,NA,NA,1.567
178,"Juglandaceae	",Carya,tomentosa,Carya_tomentosa,Native,Tree,Perennial,Abiotic,Biotic,FALSE,30.00,0.451,124.28,5529.000
182,"Cyperaceae	",Carex,festucacea,Carex_festucacea,Native,Graminoid,Perennial,Abiotic,Abiotic,FALSE,1.00,NA,NA,1.000
183,"Cyperaceae	",Carex,scoparia,Carex_scoparia,Native,Graminoid,Perennial,Abiotic,Abiotic,FALSE,0.500,NA,201.13,0.437
184,"Juglandaceae	",Carya,glabra,Carya_glabra,Native,Tree,Perennial,Abiotic,Biotic,FALSE,30.00,0.399,178.12,6118.900
186,"Juglandaceae	",Carya,ovalis,Carya_ovalis,Native,Tree,Perennial,Abiotic,Biotic,FALSE,30.00,NA,185.69,4760.000
187,"Fabaceae	",Chamaecrista,nictitans,Chamaecrista_nictitans,Native,Forb,Annual,Biotic,Abiotic,FALSE,0.50,NA,NA,2.200
188,"Juglandaceae	",Carya,ovata,Carya_ovata,Native,Tree,Perennial,Abiotic,Biotic,FALSE,30.00,0.309,152.96,4222.000
189,"Cannabaceae	",Celtis,occidentalis,Celtis_occidentalis,Native,Tree,Perennial,Abiotic,Biotic,FALSE,35.00,NA,285.24,126.400
190,"Asteraceae	",Centaurea,dubia,Centaurea_dubia,Native,Forb,Perennial,Biotic,Abiotic,FALSE,0.80,0.225,171.02,2.611
193,"Celastraceae	",Celastrus,orbiculatus,Celastrus_orbiculatus,Exotic,Vine,Perennial,Biotic,Biotic,TRUE,5.00,0.219,265.50,10.220
194,"Ranunculaceae	",Clematis,virginiana,Clematis_virginiana,Native,Vine,Perennial,Biotic,Abiotic,FALSE,3.00,NA,NA,3.000
195,"Caryophyllaceae	",Cerastium,vulgatum,Cerastium_vulgatum,Exotic,Forb,Perennial,Biotic,Abiotic,FALSE,0.50,0.107,276.33,0.078
196,"Caryophyllaceae	",Cerastium,nutans,Cerastium_nutans,Native,Forb,Perennial,Biotic,Abiotic,FALSE,0.40,NA,NA,0.300
198,"Celastraceae	",Celastrus,scandens,Celastrus_scandens,Native,Vine,Perennial,Biotic,Biotic,FALSE,5.00,NA,NA,15.700
200,"Amaranthaceae	",Chenopodium,album,Chenopodium_album,Exotic,Forb,Annual,Abiotic,Abiotic,FALSE,1.00,0.089,270.73,0.770
205,"Asteraceae	",Chrysanthemum,leucanthemum,Chrysanthemum_leucanthemum,Exotic,Forb,Perennial,Biotic,Abiotic,TRUE,0.80,0.079,199.00,0.290
206,"Poaceae	",Cinna,sp24.,Cinna_sp,Native,Graminoid,Perennial,Abiotic,Abiotic,NA,1.50,NA,NA,0.300
208,"Onagraceae	",Circaea,lutetiana,Circaea_lutetiana,Native,Forb,Perennial,Biotic,Biotic,TRUE,0.70,0.158,590.31,3.147
210,"Asteraceae	",Cirsium,arvense,Cirsium_arvense,Exotic,Forb,Perennial,Biotic,Abiotic,TRUE,1.50,0.165,148.95,1.121
212,"Asteraceae	",Cirsium,discolor,Cirsium_discolor,Native,Forb,Perennial,Biotic,Abiotic,FALSE,2.00,0.215,133.27,5.661
215,"Asteraceae	",Cirsium,vulgare,Cirsium_vulgare,Exotic,Forb,Perennial,Biotic,Abiotic,FALSE,1.50,0.231,154.14,2.780
216,"Lamiaceae	",Collinsonia,canadensis,Collinsonia_canadensis,Native,Forb,Perennial,Biotic,Abiotic,FALSE,1.20,NA,NA,4.658
218,"Commelinaceae	",Commelina,communis,Commelina_communis,Exotic,Forb,Annual,Biotic,Abiotic,FALSE,0.80,NA,NA,7.700
225,"Montiaceae	",Claytonia,virginica,Claytonia_virginica,Native,Forb,Perennial,Biotic,Biotic,FALSE,0.40,NA,NA,1.223
230,"Convolvulaceae	",Calystegia,sepium,Calystegia_sepium,Native,Forb,Perennial,Biotic,Abiotic,TRUE,3.00,0.118,412.95,21.055
235,"Cornaceae	",Cornus,amomum,Cornus_amomum,Native,Shrub,Perennial,Biotic,Biotic,FALSE,3.00,0.367,159.85,57.240
240,"Cornaceae	",Cornus,florida,Cornus_florida,Native,Tree,Perennial,Biotic,Biotic,FALSE,10.00,0.363,169.55,67.000
241,"Cornaceae	",Cornus,racemosa,Cornus_racemosa,Native,Shrub,Annual,Biotic,Biotic,FALSE,5.00,0.375,155.21,38.640
244,"Rosaceae	",Crataegus,sp29.,Crataegus_sp,Unknown,Shrub,Perennial,Biotic,Biotic,NA,3.00,NA,NA,200.000
248,Cyperaceae,Carex,spp10.,Carex_sp,Unknown,Graminoid,Perennial,Abiotic,Biotic,FALSE,0.50,0.456,172.76,NA
251,"Cyperaceae	",Cyperus,esculentus,Cyperus_esculentus,Native,Graminoid,Perennial,Abiotic,Abiotic,FALSE,0.70,NA,272.90,0.170
255,"Asteraceae	",Conyza,canadensis,Conyza_canadensis,Native,Forb,Annual,Biotic,Abiotic,FALSE,1.50,0.250,174.08,0.060
259,Convolvulaceae,Cuscuta,sp30.,Cuscuta_sp,Native,Vine,Annual,Abiotic,Abiotic,TRUE,2.00,NA,NA,0.500
265,"Poaceae	",Danthonia,spicata,Danthonia_spicata,Native,Graminoid,Perennial,Abiotic,Abiotic,TRUE,1.00,0.381,84.38,0.519
266,"Poaceae	",Danthonia,siracea,Danthonia_siracea,Native,Graminoid,Perennial,Abiotic,Abiotic,FALSE,1.20,NA,NA,1.134
270,"Poaceae	",Dactylis,glomerata,Dactylis_glomerata,Exotic,Graminoid,Perennial,Abiotic,Abiotic,TRUE,1.20,0.386,99.71,0.574
275,"Apiaceae	",Daucus,carota,Daucus_carota,Exotic,Forb,Biennial,Biotic,Abiotic,FALSE,1.00,0.216,122.03,0.880
280,"Fabaceae	",Desmodium,glabellum,Desmodium_glabellum,Native,Forb,Perennial,Biotic,Biotic,FALSE,1.00,0.223,362.95,3.397
283,Brassicaceae,Draba,verna,Draba_verna,Exotic,Forb,Annual,Biotic,Abiotic,FALSE,0.10,NA,NA,0.021
285,"Caryophyllaceae	",Dianthus,armeria,Dianthus_armeria,Exotic,Forb,Biennial,Biotic,Abiotic,FALSE,0.60,0.238,144.80,0.240
290,"Poaceae	",Digitaria,sanguinalis,Digitaria_sanguinalis,Exotic,Forb,Annual,Abiotic,Abiotic,FALSE,0.60,0.200,281.05,0.522
292,"Poaceae	",Echinochloa,sp36.,Echinochloa_sp,Exotic,Graminoid,Annual,Abiotic,Abiotic,NA,1.00,NA,NA,1.000
296,Elaeagnaceae,Elaeagnus,angustifolia,Elaeagnus_angustifolia,Exotic,Tree,Perennial,Biotic,Biotic,FALSE,10.00,0.330,199.82,87.910
297,"Cyperaceae	",Eleocharis,ovata,Eleocharis_ovata,Native,Graminoid,Annual,Abiotic,Abiotic,FALSE,0.50,NA,NA,0.114
300,"Onagraceae	",Epilobium,glandulosum,Epilobium_glandulosum,Native,Graminoid,Perennial,Biotic,Abiotic,FALSE,1.50,NA,NA,0.043
301,"Onagraceae	",Epilobium,sp39.,Epilobium_sp,Native,Forb,NA,Biotic,Abiotic,NA,1.50,NA,NA,0.100
305,"Celastraceae	",Euonymus,americanus,Euonymus_americanus,Native,Shrub,Perennial,Biotic,Biotic,FALSE,2.00,NA,NA,12.950
306,"Asteraceae	",Erechtites,hieracifolia,Erechtites_hieracifolia,Native,Forb,Annual,Biotic,Abiotic,FALSE,2.50,0.084,675.14,0.362
307,"Asteraceae	",Erigeron,pulchellus,Erigeron_pulchellus,Native,Forb,Biennial,Biotic,Abiotic,FALSE,0.40,NA,NA,0.158
308,"Asteraceae	",Erigeron,strigosus,Erigeron_strigosus,Native,Forb,Annual,Biotic,Abiotic,FALSE,1.00,NA,342.00,0.060
309,"Asteraceae	",Erigeron,philadelphicus,Erigeron_philadelphicus,Native,Forb,Biennial,Biotic,Abiotic,FALSE,0.70,NA,292.18,0.040
310,"Asteraceae	",Erigeron,annuus,Erigeron_annuus,Native,Forb,Annual,Biotic,Abiotic,FALSE,1.50,0.205,150.63,0.030
311,"Poaceae	",Microstegium,vimineum,Microstegium_vimineum,Exotic,Graminoid,Annual,Abiotic,Abiotic,TRUE,0.300,0.356,416.44,1.690
312,"Celastraceae	",Euonymus,alatus,Euonymus_alatus,Exotic,Shrub,Perennial,Biotic,Biotic,FALSE,2.50,0.296,241.24,16.900
315,"Asteraceae	",Eupatorium,perfoliatum,Eupatorium_perfoliatum,Native,Forb,Perennial,Biotic,Abiotic,FALSE,1.50,0.454,184.53,0.110
316,"Asteraceae	",Eupatorium,rugosum,Eupatorium_rugosum,Native,Forb,Perennial,Biotic,Abiotic,TRUE,1.50,0.212,387.84,0.120
317,"Asteraceae	",Eupatorium,nigra,Eupatorium_nigra,Unknown,Forb,Perennial,Biotic,Abiotic,FALSE,2.00,NA,NA,0.410
319,"Euphorbiaceae	",Euphorbia,maculata,Euphorbia_maculata,Native,Forb,Annual,Biotic,Abiotic,FALSE,0.40,NA,239.52,0.330
320,"Fagaceae	",Fagus,grandifolia,Fagus_grandifolia,Native,Tree,Perennial,Abiotic,Biotic,FALSE,25.00,0.459,285.34,266.000
325,"Rosaceae	",Fragaria,virginiana,Fragaria_virginiana,Native,Forb,Perennial,Biotic,Biotic,TRUE,0.25,0.263,150.17,0.489
326,"Oleaceae	",Fraxinus,pennsylvanica,Fraxinus_pennsylvanica,Native,Tree,Perennial,Abiotic,Abiotic,FALSE,25.00,NA,189.86,26.280
327,"Poaceae	",Festuca,sp43.,Festuca_sp,Unknown,Graminoid,Annual,Abiotic,Abiotic,NA,1.00,NA,NA,1.000
328,"Rubiaceae	",Galium,circaezans,Galium_circaezans,Native,Forb,Perennial,Biotic,Biotic,FALSE,0.60,0.202,526.13,4.692
329,"Rubiaceae	",Galium,triflorum,Galium_triflorum,Native,Forb,Perennial,Biotic,Biotic,FALSE,0.80,NA,357.14,0.513
330,"Oleaceae	",Fraxinus,americana,Fraxinus_americana,Native,Tree,Perennial,Abiotic,Abiotic,FALSE,40.00,0.423,129.51,21.300
333,"Asteraceae	",Galinsoga,parviflora,Galinsoga_parviflora,Exotic,Forb,Annual,Biotic,Abiotic,FALSE,0.70,0.249,403.14,0.310
334,"Rubiaceae	",Galium,aparine,Galium_aparine,Native,Forb,Annual,Biotic,Biotic,FALSE,1.00,0.250,383.00,4.073
337,"Rosaceae	",Geum,canadense,Geum_canadense,Native,Forb,Perennial,Biotic,Biotic,FALSE,1.00,0.295,158.09,1.154
338,"Lamiaceae	",Glecoma,hederacea,Glecoma_hederacea,Exotic,Forb,Perennial,Biotic,Abiotic,TRUE,0.20,0.204,244.47,0.690
340,"Fabaceae	",Glycine,max,Glycine_max,Exotic,Forb,Annual,Biotic,Abiotic,FALSE,1.80,NA,307.00,185.000
342,"Asteraceae	",Gnaphalium,obtusifolium,Gnaphalium_obtusifolium,Native,Forb,Annual,Biotic,Abiotic,FALSE,1.00,0.164,192.30,0.036
343,"Araliaceae	",Hedera,helix,Hedera_helix,Exotic,Vine,Perennial,Biotic,Biotic,FALSE,30.00,0.298,159.17,26.000
345,"Lamiaceae	",Hedeoma,pulegioides,Hedeoma_pulegioides,Native,Forb,Annual,Biotic,Abiotic,FALSE,0.40,0.200,409.50,0.180
346,Asteraceae,Helianthus,sp,Helianthus_sp,Native,Forb,Annual,Biotic,Abiotic,FALSE,NA,NA,NA,NA
348,Asteraceae,Helianthus,annuus,Helianthus_annuus,Native,Forb,Annual,Biotic,Abiotic,FALSE,3.00,NA,NA,38.800
350,"Asteraceae	",Hieracium,piloselloides,Hieracium_piloselloides,Native,Forb,Perennial,Biotic,Abiotic,TRUE,1.00,0.148,261.20,0.131
351,Fabaceae,Gleditsia,triacanthos,Gleditsia_triacanthos,Native,Tree,Perennial,Biotic,Biotic,FALSE,40.00,NA,311.00,168.600
354,"Asteraceae	",Hieracium,pilosella,Hieracium_pilosella,Exotic,Forb,Perennial,Biotic,Abiotic,FALSE,0.40,NA,NA,0.200
355,"Asteraceae	",Hieracium,caespitosum,Hieracium_caespitosum,Exotic,Forb,Perennial,Biotic,Abiotic,TRUE,1.00,0.197,269.11,0.110
360,Orchidaceae,Habenaria,lacera,Habenaria_lacera,Native,Forb,Perennial,Biotic,Abiotic,FALSE,0.80,NA,NA,0.004
361,Boraginaceae,Hackelia,virginiana,Hackelia_virginiana,Native,Forb,Biennial,Biotic,Biotic,FALSE,2.00,0.145,487.51,2.600
364,Aquifoliaceae,Ilex,verticillata,Ilex_verticillata,Native,Shrub,Perennial,Biotic,Biotic,FALSE,4.60,NA,182.89,13.200
365,"Malvaceae	",Hibiscus,trionum,Hibiscus_trionum,Exotic,Forb,Annual,Biotic,Abiotic,FALSE,0.50,NA,190.48,3.900
366,"Aquifoliaceae	",Ilex,opaca,Ilex_opaca,Native,Tree,Perennial,Biotic,Biotic,FALSE,15.00,NA,NA,17.200
368,"Aquifoliaceae	",Ilex,glabra,Ilex_glabra,Native,Shrub,Perennial,Biotic,Biotic,FALSE,3.00,NA,116.10,11.780
371,"Hypericaceae	",Hypericum,punctatum,Hypericum_punctatum,Native,Forb,Biennial,Biotic,Abiotic,FALSE,1.00,NA,153.58,0.046
372,"Hypericaceae	",Hypericum,perforatum,Hypericum_perforatum,Exotic,Forb,Biennial,Biotic,Abiotic,FALSE,0.80,0.349,269.09,0.200
373,"Hypericaceae	",Hypericum,mutilum,Hypericum_mutilum,Native,Forb,Biennial,Biotic,Abiotic,FALSE,0.80,NA,NA,0.062
374,"Balsaminaceae	",Impatiens,capensis,Impatiens_capensis,Native,Forb,Annual,Biotic,Abiotic,FALSE,1.50,0.166,678.42,7.034
375,"Convolvulaceae	",Ipomoea,hederacea,Ipomoea_hederacea,Native,Forb,Annual,Biotic,Abiotic,FALSE,2.00,NA,178.57,28.200
376,"Juglandaceae	",Juglans,nigra,Juglans_nigra,Native,Tree,Perennial,Abiotic,Biotic,FALSE,40.00,0.374,147.06,9864.500
377,"Asteraceae	",Krigia,biflora,Krigia_biflora,Native,Forb,Perennial,Biotic,Abiotic,FALSE,0.80,NA,NA,0.406
379,"Juncaceae	",Juncus,bufonius,Juncus_bufonius,Native,Graminoid,Annual,Abiotic,Abiotic,FALSE,0.30,0.137,198.46,0.020
381,"Juncaceae	",Juncus,tenuis,Juncus_tenuis,Native,Graminoid,Perennial,Abiotic,Abiotic,TRUE,0.80,0.117,144.39,0.010
383,"Juncaceae	",Juncus,secundus,Juncus_secundus,Native,Graminoid,Perennial,Abiotic,Abiotic,FALSE,0.60,NA,NA,NA
385,"Cupressaceae	",Juniperus,virginiana,Juniperus_virginiana,Native,Tree,Perennial,Abiotic,Biotic,FALSE,20.00,0.333,24.00,9.900
390,"Asteraceae	",Lactuca,serriola,Lactuca_serriola,Exotic,Forb,Biennial,Biotic,Abiotic,FALSE,1.50,0.215,167.16,0.462
393,"Asteraceae	",Lactuca,canadensis,Lactuca_canadensis,Native,Forb,Biennial,Biotic,Abiotic,FALSE,2.00,0.148,282.85,1.479
396,"Lamiaceae	",Lamium,sp58.,Lamium_sp,Exotic,Forb,NA,NA,NA,TRUE,1.50,NA,NA,1.500
398,"Brassicaceae	",Lepidium,campestre,Lepidium_campestre,Native,Forb,Biennial,Biotic,Abiotic,FALSE,0.50,0.138,254.75,2.339
399,"Brassicaceae	",Lepidium,sativum,Lepidium_sativum,Exotic,Forb,Annual,Biotic,Abiotic,FALSE,0.40,0.152,221.22,2.100
400,"Brassicaceae	",Lepidium,virginicum,Lepidium_virginicum,Native,Forb,Biennial,Biotic,Abiotic,FALSE,0.50,0.178,175.41,0.500
401,Poacae,Leersia,virginica,Leersia_virginica,Native,Graminoid,Perennial,Abiotic,Abiotic,FALSE,1.00,NA,NA,0.969
410,"Oleaceae	",Ligustrum,vulgare,Ligustrum_vulgare,Exotic,Shrub,Perennial,Biotic,Biotic,FALSE,5.00,0.343,172.16,23.517
415,"Plantaginaceae	",Linaria,vulgaris,Linaria_vulgaris,Exotic,Forb,Perennial,Biotic,Abiotic,TRUE,0.80,0.189,131.86,0.125
416,"Lauraceae	",Lindera,benzoin,Lindera_benzoin,Native,Shrub,Perennial,Biotic,Biotic,FALSE,3.00,0.265,323.40,92.830
417,"Caprifoliaceae	",Lonicera,tatarica,Lonicera_tatarica,Exotic,Shrub,Perennial,Biotic,Biotic,FALSE,3.00,0.406,130.11,3.190
424,"Campanulaceae	",Lobelia,puberula,Lobelia_puberula,Native,Forb,Perennial,Biotic,Abiotic,FALSE,1.20,NA,NA,0.034
425,"Campanulaceae	",Lobelia,inflata,Lobelia_inflata,Native,Forb,Annual,Biotic,Abiotic,FALSE,1.00,0.215,297.70,0.014
430,"Poaceae	",Lolium,perenne,Lolium_perenne,Exotic,Graminoid,Perennial,Abiotic,Abiotic,TRUE,0.80,0.212,159.06,1.510
435,"Caprifoliaceae	",Lonicera,japonica,Lonicera_japonica,Exotic,Vine,Perennial,Biotic,Biotic,TRUE,5.50,0.297,164.37,1.100
438,"Caprifoliaceae	",Lonicera,maackii,Lonicera_maackii,Exotic,Shrub,Perennial,Biotic,Biotic,FALSE,5.00,0.399,168.59,3.060
440,"Caryophyllaceae	",Silene,latifolia,Silene_latifolia,Exotic,Forb,Biennial,Biotic,Abiotic,TRUE,1.00,0.149,260.30,0.352
441,"Caryophyllaceae	",Lychnis,sp67.,Lychnis_sp,Exotic,Forb,Perennial,Biotic,NA,NA,0.80,NA,NA,1.000
446,"Lamiaceae	",Lycopus,americanus,Lycopus_americanus,Native,Forb,Perennial,Biotic,Abiotic,FALSE,0.80,NA,176.23,0.140
447,"Primulaceae	",Lysimachia,quadrifolia,Lysimachia_quadrifolia,Native,Forb,Perennial,Biotic,Abiotic,FALSE,0.90,NA,NA,2.899
450,"Fabaceae	",Lotus,corniculatus,Lotus_corniculatus,Exotic,Forb,Perennial,Biotic,Abiotic,FALSE,0.60,0.203,220.62,1.000
454,"Fabaceae	",Medicago,lupulina,Medicago_lupulina,Exotic,Forb,Biennial,Biotic,Abiotic,FALSE,0.500,0.193,208.55,1.735
455,"Fabaceae	",Medicago,sativa,Medicago_sativa,Exotic,Forb,Perennial,Biotic,Abiotic,FALSE,1.00,0.219,229.38,2.000
460,"Fabaceae	",Melilotus,alba,Melilotus_alba,Exotic,Forb,Biennial,Biotic,Abiotic,FALSE,3.00,0.188,188.55,2.300
465,"Fabaceae	",Melilotus,officinalis,Melilotus_officinalis,Exotic,Forb,Biennial,Biotic,Abiotic,FALSE,1.50,0.217,193.75,2.500
468,"Menispermaceae	",Menispermum,canadense,Menispermum_canadense,Native,Vine,Perennial,Biotic,Biotic,FALSE,5.00,NA,NA,69.000
469,"Rubiaceae	",Mitchella,repens,Mitchella_repens,Native,Forb,Perennial,Biotic,Biotic,FALSE,0.30,NA,NA,3.503
470,"Molluginaceae	",Mollugo,verticillata,Mollugo_verticillata,Exotic,Forb,Annual,Biotic,Abiotic,FALSE,0.45,NA,204.08,0.063
473,"Ericaceae	",Monotropa,uniflora,Monotropa_uniflora,Native,Forb,Perennial,Biotic,Abiotic,FALSE,0.20,NA,NA,NA
475,"Moraceae	",Morus,alba,Morus_alba,Exotic,Tree,Perennial,Abiotic,Biotic,FALSE,15.00,NA,145.63,7.000
476,"Moraceae	",Morus,rubra,Morus_rubra,Native,Tree,Perennial,Abiotic,Biotic,FALSE,20.00,0.279,224.19,1.260
478,"Cornaceae	",Nyssa,sylvatica,Nyssa_sylvatica,Native,Tree,Perennial,Biotic,Biotic,FALSE,30.00,0.369,183.55,145.000
479,"Pinaceae	",Pinus,strobus,Pinus_strobus,Native,Tree,Perennial,Abiotic,Abiotic,FALSE,70.00,NA,113.63,17.000
485,"Poaceae	",Muhlenbergia,frondosa,Muhlenbergia_frondosa,Native,Graminoid,Perennial,Abiotic,Abiotic,FALSE,1.00,NA,189.39,0.164
490,"Myricaceae	",Myrica,pensylvanica,Myrica_pensylvanica,Native,Shrub,Perennial,Abiotic,Biotic,TRUE,2.00,0.429,239.32,22.700
492,"Poaceae	",Panicum,capillare,Panicum_capillare,Native,Graminoid,Annual,Abiotic,Abiotic,FALSE,0.70,0.306,272.46,0.300
493,"Poaceae	",Panicum,dichotomiflorum,Panicum_dichotomiflorum,Native,Graminoid,Annual,Abiotic,Abiotic,FALSE,1.00,NA,200.00,0.525
494,"Onagraceae	",Oenothera,perennis,Oenothera_perennis,Native,Forb,Perennial,Biotic,Abiotic,FALSE,0.60,0.100,NA,NA
495,"Onagraceae	",Oenothera,biennis,Oenothera_biennis,Native,Forb,Biennial,Biotic,Abiotic,FALSE,2.00,0.222,188.16,0.481
500,"Oxalidaceae	",Oxalis,stricta,Oxalis_stricta,Native,Forb,Perennial,Biotic,Abiotic,TRUE,0.50,0.160,546.60,0.252
503,"Poaceae	",Dichanthelium,depauperatum,Dichanthelium_depauperatum,Native,Graminoid,Perennial,Abiotic,Abiotic,FALSE,0.40,NA,NA,2.170
504,"Poaceae	",Dichanthelium,leucothrix,Dichanthelium_leucothrix,Native,Graminoid,Perennial,Abiotic,Abiotic,TRUE,0.40,0.385,223.53,0.322
506,"Poaceae	",Dichanthelium,lanuginosum,Dichanthelium_lanuginosum,Native,Graminoid,Perennial,Abiotic,Abiotic,FALSE,0.60,NA,NA,NA
507,"Poaceae	",Panicum,virgatum,Panicum_virgatum,Native,Graminoid,Perennial,Abiotic,Abiotic,FALSE,0.700,0.412,205.25,1.300
508,"Poaceae	",Panicum,lindheimeri,Panicum_lindheimeri,Native,Graminoid,Perennial,Abiotic,Abiotic,FALSE,0.08,NA,NA,0.086
510,"Vitaceae	",Parthenocissus,quinquefolia,Parthenocissus_quinquefolia,Native,Vine,Perennial,Biotic,Biotic,FALSE,40.00,0.209,342.22,29.080
511,"Poaceae	",Dichanthelium,clandestinum,Dichanthelium_clandestinum,Native,Graminoid,Perennial,Abiotic,Abiotic,FALSE,1.50,0.285,265.46,1.296
513,"Poaceae	",Dichanthelium,linearifolium,Dichanthelium_linearifolium,Native,Graminoid,Perennial,Abiotic,Abiotic,FALSE,1.00,NA,NA,0.400
515,"Plantaginaceae	",Penstemon,hirsutus,Penstemon_hirsutus,Native,Forb,Perennial,Biotic,Abiotic,FALSE,0.80,0.262,219.21,0.100
516,"Poaceae	",Phalaris,arundinacea,Phalaris_arundinacea,Native,Graminoid,Perennial,Abiotic,Abiotic,TRUE,2.00,0.247,338.80,0.670
520,"Poaceae	",Phleum,pratense,Phleum_pratense,Exotic,Graminoid,Perennial,Abiotic,Abiotic,TRUE,1.00,0.257,201.64,0.450
521,"Phrymaceae	",Phryma,leptostachya,Phryma_leptostachya,Native,Forb,Perennial,Biotic,Biotic,FALSE,1.00,NA,NA,0.020
525,"Solanaceae	",Physalis,heterophylla,Physalis_heterophylla,Native,Forb,Perennial,Biotic,Biotic,FALSE,0.90,0.185,214.31,1.004
526,"Solanaceae	",Physalis,virginiana,Physalis_virginiana,Native,Forb,Perennial,Biotic,Biotic,FALSE,0.60,NA,137.17,1.530
527,"Solanaceae	",Physalis,longifolia,Physalis_longifolia,Native,Forb,Perennial,Biotic,Biotic,TRUE,0.80,NA,NA,0.970
529,"Phytolaccaceae	",Phytolacca,americana,Phytolacca_americana,Native,Forb,Perennial,Biotic,Biotic,FALSE,3.00,0.158,390.29,7.421
530,"Urticaceae	",Pilea,pumila,Pilea_pumila,Native,Forb,Annual,Abiotic,Abiotic,FALSE,0.50,0.116,595.25,3.228
535,"Plantaginaceae	",Plantago,lanceolata,Plantago_lanceolata,Exotic,Forb,Perennial,Abiotic,Abiotic,TRUE,0.22,0.153,159.10,1.900
536,"Plantaginaceae	",Plantago,major,Plantago_major,Exotic,Forb,Perennial,Biotic,Abiotic,FALSE,0.30,0.161,189.77,0.200
540,"Plantaginaceae	",Plantago,rugelii,Plantago_rugelii,Native,Forb,Perennial,Abiotic,Abiotic,FALSE,0.10,0.181,164.04,0.500
541,"Plantaginaceae	",Plantago,virginica,Plantago_virginica,Native,Forb,Biennial,Biotic,Abiotic,FALSE,0.20,NA,NA,0.488
546,"Platanaceae	",Platanus,occidentalis,Platanus_occidentalis,Native,Tree,Perennial,Abiotic,Abiotic,FALSE,50.00,NA,180.03,2.850
550,"Poaceae	",Poa,compressa,Poa_compressa,Exotic,Graminoid,Perennial,Abiotic,Abiotic,TRUE,0.70,0.250,186.63,0.200
555,"Poaceae	",Poa,pratensis,Poa_pratensis,Exotic,Graminoid,Perennial,Abiotic,Abiotic,TRUE,1.00,0.281,246.56,0.140
559,"Poaceae	",Poa,annua,Poa_annua,Exotic,Graminoid,Annual,Abiotic,Abiotic,FALSE,0.30,0.240,292.50,0.300
561,"Poaceae	",Poa,sylvestris,Poa_sylvestris,Native,Graminoid,Perennial,Abiotic,Abiotic,FALSE,1.00,NA,NA,0.184
562,"Berberidaceae	",Podophyllum,peltatum,Podophyllum_peltatum,Native,Forb,Perennial,Biotic,Biotic,FALSE,0.40,NA,316.40,NA
563,"Asparagaceae	",Polygonatum,pubescens,Polygonatum_pubescens,Native,Forb,Perennial,Biotic,Biotic,FALSE,0.90,NA,NA,23.642
565,"Polygonaceae	",Polygonum,aviculare,Polygonum_aviculare,Exotic,Forb,Annual,Biotic,Abiotic,FALSE,0.30,0.273,242.36,1.450
566,"Polygonaceae	",Polygonum,virginianum,Polygonum_virginianum,Native,Forb,Perennial,Biotic,Abiotic,TRUE,1.00,0.179,466.53,5.300
571,"Polygonaceae	",Polygonum,convolvulus,Polygonum_convolvulus,Exotic,Vine,Annual,Biotic,Abiotic,FALSE,1.00,0.200,238.75,6.900
572,"Polygonaceae	",Polygonum,hydropiper,Polygonum_hydropiper,Exotic,Forb,Annual,Biotic,Abiotic,FALSE,1.60,0.220,410.67,1.740
574,"Polygonaceae	",Polygonum,scandens,Polygonum_scandens,Native,Vine,Perennial,Biotic,Abiotic,FALSE,5.00,0.115,678.75,14.010
575,"Polygonaceae	",Polygonum,pensylvanicum,Polygonum_pensylvanicum,Native,Forb,Annual,Biotic,Biotic,TRUE,2.00,0.228,180.66,5.260
576,"Polygonaceae	",Polygonum,persicaria,Polygonum_persicaria,Exotic,Forb,Annual,Biotic,Abiotic,FALSE,0.80,0.181,486.58,2.120
577,"Portulacaceae	",Portulaca,oleracea,Portulaca_oleracea,Exotic,Forb,Annual,Biotic,Abiotic,FALSE,0.25,0.064,311.83,0.450
580,"Rosaceae	",Potentilla,simplex,Potentilla_simplex,Native,Forb,Perennial,Biotic,Abiotic,FALSE,0.40,0.321,218.17,0.180
585,"Rosaceae	",Potentilla,norvegica,Potentilla_norvegica,Native,Forb,Perennial,Biotic,Abiotic,FALSE,0.50,0.247,238.98,0.105
586,"Asteraceae	",Prenanthes,sp86.,Prenanthes_sp,Native,Forb,Perennial,NA,Abiotic,NA,1.30,NA,NA,1.300
590,"Rosaceae	",Potentilla,recta,Potentilla_recta,Exotic,Forb,Perennial,Biotic,Abiotic,FALSE,0.80,0.280,184.13,0.200
591,"Rosaceae	",Prunus,hortulana,Prunus_hortulana,Native,Tree,Perennial,Biotic,Biotic,FALSE,10.00,NA,NA,NA
595,"Lamiaceae	",Prunella,vulgaris,Prunella_vulgaris,Native,Forb,Perennial,Biotic,Abiotic,TRUE,0.30,0.170,354.79,0.893
596,"Rosaceae	",Prunus,virginiana,Prunus_virginiana,Native,Shrub,Perennial,Biotic,Biotic,FALSE,10.00,NA,192.31,81.100
598,"Rosaceae	",Prunus,avium,Prunus_avium,Exotic,Tree,Perennial,Biotic,Biotic,FALSE,20.00,0.320,239.85,192.200
599,"Rosaceae	",Prunus,serotina,Prunus_serotina,Native,Tree,Perennial,Biotic,Biotic,FALSE,25.00,0.369,193.52,102.600
601,"Rosaceae	",Pyrus,malus,Pyrus_malus,Exotic,Tree,Perennial,Biotic,Biotic,FALSE,15.00,0.285,87.75,22.200
603,"Fagaceae	",Quercus,palustris,Quercus_palustris,Native,Tree,Perennial,Abiotic,Biotic,FALSE,30.00,0.424,150.01,1106.340
604,"Rosaceae	",Pyrus,angustifolia,Pyrus_angustifolia,Native,Tree,Perennial,Biotic,Biotic,FALSE,8.00,NA,NA,NA
605,"Brassicaceae	",Raphanus,raphanistrum,Raphanus_raphanistrum,Exotic,Forb,Annual,Biotic,Abiotic,FALSE,0.80,0.120,256.30,4.471
606,"Ranunculaceae	",Ranunculus,abortivus,Ranunculus_abortivus,Native,Forb,Biennial,Biotic,Abiotic,FALSE,0.50,0.196,210.73,0.177
607,"Fagaceae	",Quercus,velutina,Quercus_velutina,Native,Tree,Perennial,Abiotic,Biotic,FALSE,40.00,0.460,137.21,1851.000
608,"Fagaceae	",Quercus,rubra,Quercus_rubra,Native,Tree,Perennial,Abiotic,Biotic,FALSE,50.00,0.343,154.71,2475.000
609,"Fagaceae	",Quercus,alba,Quercus_alba,Native,Tree,Perennial,Abiotic,Biotic,FALSE,30.00,0.421,132.97,2096.400
610,"Anacardiaceae	",Rhus,glabra,Rhus_glabra,Native,Shrub,Perennial,Biotic,Biotic,TRUE,6.00,0.389,190.53,10.049
611,"Fagaceae	",Quercus,coccinea,Quercus_coccinea,Native,Tree,Perennial,Abiotic,Biotic,FALSE,30.00,NA,NA,1930.000
613,"Anacardiaceae	",Rhus,copallinum,Rhus_copallinum,Native,Shrub,Perennial,Biotic,Biotic,FALSE,6.00,0.397,108.49,7.960
614,"Anacardiaceae	",Rhus,typhina,Rhus_typhina,Native,Shrub,Perennial,Biotic,Biotic,FALSE,10.00,0.370,163.37,11.200
615,"Anacardiaceae	",Toxicodendron,radicans,Toxicodendron_radicans,Native,Vine,Perennial,Biotic,Biotic,TRUE,40.00,0.445,200.04,20.230
616,"Brassicaceae	",Rorippa,palustris,Rorippa_palustris,Native,Forb,Biennial,Biotic,Abiotic,FALSE,1.00,0.119,348.50,0.087
618,"Rosaceae	",Pyrus,coronaria,Pyrus_coronaria,Native,Tree,Perennial,Biotic,Biotic,FALSE,10.00,NA,NA,9.989
619,"Ranunculaceae	",Ranunculus,bulbosus,Ranunculus_bulbosus,Exotic,Forb,Biennial,Biotic,Biotic,FALSE,0.60,0.200,185.67,2.555
620,"Rosaceae	",Rosa,multiflora,Rosa_multiflora,Exotic,Vine,Perennial,Biotic,Biotic,TRUE,3.00,0.280,124.68,6.900
621,"Rosaceae	",Rosa,virginiana,Rosa_virginiana,Native,Shrub,Perennial,Biotic,Biotic,FALSE,2.00,NA,NA,5.614
626,"Rosaceae	",Rubus,flagellaris,Rubus_flagellaris,Native,Shrub,Perennial,Biotic,Biotic,TRUE,4.00,0.419,92.22,3.460
627,"Ranunculaceae	",Rhamnus,carthartica,Rhamnus_carthartica,Exotic,Shrub,Perennial,Biotic,Biotic,FALSE,6.00,0.307,200.56,34.950
629,Fabaceae,Robinia,pseudoacacia,Robinia_pseudoacacia,Native,Tree,Perennial,Biotic,Biotic,FALSE,25.00,0.296,219.90,19.200
630,"Rosaceae	",Rubus,allegheniensis,Rubus_allegheniensis,Native,Shrub,Perennial,Biotic,Biotic,TRUE,2.00,0.393,441.78,2.700
632,"Rosaceae	",Rubus,hispidus,Rubus_hispidus,Native,Shrub,Perennial,Biotic,Biotic,FALSE,1.00,NA,NA,2.470
634,"Rosaceae	",Rubus,phoenicolasius,Rubus_phoenicolasius,Exotic,Shrub,Perennial,Biotic,Biotic,TRUE,2.00,0.330,307.87,NA
635,"Rosaceae	",Rubus,occidentalis,Rubus_occidentalis,Native,Shrub,Perennial,Biotic,Biotic,TRUE,3.00,0.349,232.15,1.360
636,"Rosaceae	",Rubus,strigosus,Rubus_strigosus,Native,Shrub,Perennial,Biotic,Biotic,FALSE,2.00,NA,NA,2.000
639,"Asteraceae	",Rudbeckia,triloba,Rudbeckia_triloba,Native,Forb,Perennial,Biotic,Abiotic,FALSE,1.50,NA,NA,0.772
640,"Asteraceae	",Rudbeckia,hirta,Rudbeckia_hirta,Native,Forb,Biennial,Biotic,Abiotic,FALSE,1.00,0.227,193.45,0.300
645,"Polygonaceae	",Rumex,acetosella,Rumex_acetosella,Exotic,Forb,Perennial,Abiotic,Abiotic,TRUE,0.40,0.122,183.29,0.465
650,"Polygonaceae	",Rumex,crispus,Rumex_crispus,Exotic,Forb,Perennial,Abiotic,Abiotic,TRUE,1.00,0.196,111.32,1.330
651,"Apiaceae	",Sanicula,sp95.,Sanicula_sp,Native,Forb,Perennial,Biotic,Biotic,NA,1.00,NA,NA,4.000
652,"Lauraceae	",Sassafras,albidum,Sassafras_albidum,Native,Tree,Perennial,Biotic,Biotic,TRUE,20.00,0.299,260.59,78.210
653,"Cyperaceae	",Scirpus,sp96.,Scirpus_sp,Native,Graminoid,NA,NA,NA,NA,0.75,NA,NA,0.100
654,"Apiaceae	",Sanicula,gregaria,Sanicula_gregaria,Native,Forb,Perennial,Biotic,Biotic,FALSE,0.80,0.242,439.38,2.610
655,"Caryophyllaceae	",Scleranthus,annuus,Scleranthus_annuus,Exotic,Forb,Annual,Biotic,Abiotic,FALSE,0.10,0.140,263.00,1.100
660,"Asteraceae	",Senecio,vulgaris,Senecio_vulgaris,Exotic,Forb,Annual,Biotic,Abiotic,FALSE,0.40,0.087,308.10,0.230
661,"Asteraceae	",Senecio,sp97.,Senecio_sp,Unknown,Forb,NA,Biotic,Abiotic,NA,0.50,NA,NA,0.500
666,"Poaceae	",Setaria,faberii,Setaria_faberii,Exotic,Graminoid,Annual,Abiotic,Abiotic,FALSE,0.50,0.335,191.67,0.875
668,Poaceae ,Setaria,glauca,Setaria_glauca,Exotic,Graminoid,Annual,Abiotic,Abiotic,FALSE,1.20,0.230,249.10,3.750
669,"Poaceae	",Setaria,viridis,Setaria_viridis,Exotic,Graminoid,Annual,Abiotic,Abiotic,FALSE,0.50,0.252,280.34,1.000
671,"Caryophyllaceae	",Silene,antirrhina,Silene_antirrhina,Native,Forb,Annual,Biotic,Abiotic,FALSE,0.80,NA,200.00,0.100
672,"Caryophyllaceae	",Silene,vulgaris,Silene_vulgaris,Exotic,Forb,Perennial,Biotic,Abiotic,FALSE,0.80,0.186,201.96,1.300
675,"Iridaceae	",Sisyrinchium,angustifolium,Sisyrinchium_angustifolium,Native,Forb,Perennial,Abiotic,Abiotic,FALSE,0.50,NA,NA,0.600
677,"Smilacaceae	",Smilax,rotundifolia,Smilax_rotundifolia,Native,Vine,Perennial,Biotic,Biotic,TRUE,6.00,0.269,252.26,38.000
680,Rosaceae,Spirea,sp,Spirea_sp,Unknown,Shrub,Perennial,Biotic,NA,TRUE,NA,NA,NA,NA
684,"Solanaceae	",Solanum,nigrum,Solanum_nigrum,Exotic,Forb,Annual,Biotic,Biotic,FALSE,0.60,NA,NA,0.800
685,"Solanaceae	",Solanum,carolinense,Solanum_carolinense,Native,Forb,Perennial,Biotic,Biotic,FALSE,1.00,0.222,204.75,1.886
686,"Solanaceae	",Solanum,dulcamara,Solanum_dulcamara,Exotic,Forb,Perennial,Biotic,Biotic,FALSE,3.00,0.167,420.35,31.000
687,"Solanaceae	",Solanum,spp3.,Solanum_sp,Unknown,Forb,NA,Biotic,Biotic,NA,0.60,NA,NA,2.000
690,"Asteraceae	",Solidago,canadensis,Solidago_canadensis,Native,Forb,Perennial,Biotic,Abiotic,TRUE,2.00,0.282,133.48,0.063
695,"Asteraceae	",Euthamia,graminifolia,Euthamia_graminifolia,Native,Forb,Perennial,Biotic,Abiotic,TRUE,1.00,0.438,150.07,0.070
700,"Asteraceae	",Solidago,juncea,Solidago_juncea,Native,Forb,Perennial,Biotic,Abiotic,TRUE,1.20,0.261,184.71,0.113
705,"Asteraceae	",Solidago,nemoralis,Solidago_nemoralis,Native,Forb,Perennial,Biotic,Abiotic,TRUE,1.00,0.282,134.87,0.060
710,"Asteraceae	",Solidago,rugosa,Solidago_rugosa,Native,Forb,Perennial,Biotic,Abiotic,TRUE,2.50,0.343,147.59,0.083
713,"Asteraceae	",Solidago,gigantea,Solidago_gigantea,Native,Forb,Perennial,Biotic,Abiotic,TRUE,2.00,0.349,175.48,0.060
725,"Poaceae	",Sorghum,halepense,Sorghum_halepense,Exotic,Graminoid,Perennial,Abiotic,Abiotic,FALSE,1.50,0.317,199.11,5.000
735,"Campanulaceae	",Triodanis,perfoliata,Triodanis_perfoliata,Native,Forb,Annual,Biotic,Abiotic,FALSE,1.00,NA,NA,0.032
745,"Caryophyllaceae	",Stellaria,media,Stellaria_media,Exotic,Forb,Annual,Biotic,Abiotic,TRUE,0.30,0.084,324.67,0.350
750,"Asteraceae	",Taraxacum,officinale,Taraxacum_officinale,Exotic,Forb,Perennial,Biotic,Abiotic,FALSE,0.20,0.144,230.06,0.640
751,"Taxaceae	",Taxus,canadensis,Taxus_canadensis,Native,Shrub,Perennial,Abiotic,Biotic,FALSE,1.50,NA,NA,26.050
755,"Asteraceae	",Tragopogon,dubius,Tragopogon_dubius,Exotic,Forb,Biennial,Biotic,Abiotic,FALSE,1.00,0.215,150.22,10.000
758,"Poaceae	",Tridens,flavus,Tridens_flavus,Native,Graminoid,Perennial,Abiotic,Abiotic,FALSE,1.50,NA,200.00,0.840
760,"Fabaceae	",Trifolium,arvense,Trifolium_arvense,Exotic,Forb,Annual,Biotic,Abiotic,FALSE,0.40,0.269,185.36,0.400
761,"Fabaceae	",Trifolium,aureum,Trifolium_aureum,Exotic,Forb,Biennial,Biotic,Abiotic,FALSE,0.50,0.231,358.17,0.680
765,"Fabaceae	",Trifolium,hybridum,Trifolium_hybridum,Exotic,Forb,Perennial,Biotic,Abiotic,FALSE,0.80,0.221,182.30,0.642
770,"Fabaceae	",Trifolium,pratense,Trifolium_pratense,Exotic,Forb,Biennial,Biotic,Abiotic,FALSE,0.80,0.246,168.36,1.350
772,"Fabaceae	",Trifolium,campestre,Trifolium_campestre,Exotic,Forb,Biennial,Biotic,Abiotic,FALSE,0.40,0.250,282.94,0.300
775,"Fabaceae	",Trifolium,repens,Trifolium_repens,Exotic,Forb,Perennial,Biotic,Abiotic,TRUE,0.400,0.210,235.00,0.409
777,"Ulmaceae	",Ulmus,rubra,Ulmus_rubra,Native,Tree,Perennial,Abiotic,Abiotic,FALSE,20.00,0.373,168.13,9.980
778,"Urticaceae	",Urtica,dioica,Urtica_dioica,Exotic,Forb,Perennial,Abiotic,Abiotic,FALSE,2.00,0.255,370.62,0.200
779,"Ulmaceae	",Ulmus,americana,Ulmus_americana,Native,Tree,Perennial,Abiotic,Abiotic,FALSE,40.00,0.382,168.57,3.757
780,"Scrophulariaceae	",Verbascum,blattaria,Verbascum_blattaria,Exotic,Forb,Biennial,Biotic,Abiotic,FALSE,1.20,0.184,226.79,0.110
782,"Ulmaceae	",Ulmus,pumila,Ulmus_pumila,Exotic,Tree,Perennial,Abiotic,Abiotic,FALSE,25.00,NA,NA,5.900
785,"Scrophulariaceae	",Verbascum,thapsus,Verbascum_thapsus,Exotic,Forb,Biennial,Biotic,Abiotic,FALSE,2.00,0.251,103.71,0.090
790,"Verbenaceae	",Verbena,hastata,Verbena_hastata,Native,Forb,Biennial,Biotic,Abiotic,FALSE,1.50,0.317,301.98,0.230
791,"Verbenaceae	",Verbena,urticifolia,Verbena_urticifolia,Native,Forb,Perennial,Biotic,Abiotic,FALSE,1.50,0.234,348.55,0.500
792,"Plantaginaceae	",Veronica,filiformis,Veronica_filiformis,Exotic,Forb,Perennial,Biotic,Abiotic,FALSE,0.10,0.167,329.25,0.278
794,"Plantaginaceae	",Veronica,serpyllifolia,Veronica_serpyllifolia,Exotic,Forb,Perennial,Biotic,Abiotic,FALSE,0.30,0.175,228.61,0.060
796,"Plantaginaceae	",Veronica,officinalis,Veronica_officinalis,Exotic,Forb,Perennial,Biotic,Abiotic,TRUE,0.25,0.195,414.16,0.110
797,"Plantaginaceae	",Veronica,arvensis,Veronica_arvensis,Exotic,Forb,Annual,Biotic,Abiotic,FALSE,0.30,0.135,283.28,0.120
798,"Plantaginaceae	",Veronica,peregrina,Veronica_peregrina,Exotic,Forb,Annual,Biotic,Abiotic,FALSE,0.30,0.131,NA,0.030
800,"Adoxaceae	",Viburnum,prunifolium,Viburnum_prunifolium,Native,Shrub,Perennial,Biotic,Biotic,FALSE,8.00,0.408,123.26,124.000
801,"Adoxaceae	",Viburnum,dentatum,Viburnum_dentatum,Native,Shrub,Perennial,Biotic,Biotic,FALSE,5.00,0.370,174.73,38.300
802,"Adoxaceae	",Viburnum,acerifolium,Viburnum_acerifolium,Native,Shrub,Perennial,Biotic,Biotic,FALSE,2.00,NA,NA,28.500
805,"Fabaceae	",Vicia,villosa,Vicia_villosa,Exotic,Forb,Biennial,Biotic,Abiotic,FALSE,1.00,0.119,430.38,24.200
806,"Violaceae	",Viola,sororia,Viola_sororia,Native,Forb,Perennial,Biotic,Biotic,FALSE,0.30,NA,157.23,1.000
809,"Vitaceae	",Vitis,riparia,Vitis_riparia,Native,Vine,Perennial,Biotic,Biotic,FALSE,0.25,NA,NA,79.000
810,"Violaceae	",Viola,spp16.,Viola_sp,Native,Forb,Perennial,Biotic,Biotic,FALSE,0.40,0.184,462.36,1.270
812,"Vitaceae	",Vitis,vulpina,Vitis_vulpina,Native,Vine,Perennial,Biotic,Biotic,FALSE,25.00,NA,NA,25.700
813,"Vitaceae	",Vitis,palmata,Vitis_palmata,Native,Vine,Perennial,Biotic,Biotic,FALSE,9.00,NA,NA,2.496
815,"Vitaceae	",Vitis,labrusca,Vitis_labrusca,Native,Vine,Perennial,Biotic,Biotic,FALSE,6.00,NA,NA,39.350
816,"Vitaceae	",Vitis,aestivalis,Vitis_aestivalis,Native,Vine,Perennial,Biotic,Biotic,FALSE,10.00,NA,NA,36.225
,,,,,,,,,,,,,,
